time_ms,weight_kg,accel_x,accel_y,accel_z,tilt_x,tilt_y,sync
1922898.0,-2.4643,0.3208,0.972,9.7971,5.663,-1.876,0
1922948.0,-2.5864,0.3543,0.9337,9.821,5.428,-2.066,0
1922998.0,-2.4828,0.2969,0.9481,9.8737,5.482,-1.722,0
1923048.0,-2.6139,0.316,0.9337,9.8114,5.434,-1.845,0
1923098.0,-2.5494,0.3256,0.9768,9.8593,5.655,-1.892,0
1923148.0,-2.6136,0.3448,0.9673,9.7875,5.641,-2.017,0
1923198.0,-2.4965,0.3448,0.9337,9.8928,5.389,-1.996,0
1923248.0,-2.6092,0.3448,0.9098,9.8497,5.274,-2.005,0
1923298.0,-2.4529,0.3543,0.9816,9.845,5.69,-2.061,0
1923348.0,-2.4957,0.3352,0.9481,9.8402,5.5,-1.951,0
1923398.0,-2.4496,0.3208,0.9768,9.8258,5.674,-1.87,0
1923448.0,-2.5838,0.3974,0.929,9.8593,5.378,-2.308,0
1923498.0,-2.5454,0.3448,0.9864,9.845,5.718,-2.006,0
1923548.0,-2.6163,0.3256,0.9481,9.8354,5.503,-1.896,0
1923598.0,-2.5194,0.3543,0.9673,9.8402,5.61,-2.062,0
1923648.0,-2.5877,0.3112,0.9337,9.7971,5.442,-1.82,0
1923698.0,-2.4511,0.3543,0.9577,9.8162,5.569,-2.067,0
1923748.0,-2.5138,0.3352,0.9433,9.8354,5.475,-1.952,0
1923798.0,-2.4719,0.2682,0.9625,9.8545,5.576,-1.559,0
1923848.0,-2.6152,0.3256,0.9816,9.8354,5.696,-1.896,0
1923898.0,-2.5085,0.3591,0.9481,9.8067,5.518,-2.097,0
1923948.0,-2.6377,0.3352,0.9433,9.8402,5.473,-1.951,0
1923998.0,-2.5982,0.3208,0.9194,9.8354,5.337,-1.868,0
1924048.0,-2.6109,0.3543,0.9673,9.8162,5.624,-2.067,0
1924098.0,-2.4718,0.3496,0.9673,9.8545,5.602,-2.032,0
1924148.0,-2.5267,0.3639,0.9385,9.8689,5.429,-2.112,0
1924198.0,-2.4573,0.3112,0.9768,9.7875,5.697,-1.821,0
1924248.0,-2.598,0.3448,0.9577,9.8402,5.555,-2.007,0
1924298.0,-2.4726,0.3208,0.9768,9.8306,5.672,-1.869,0
1924348.0,-2.6302,0.3304,0.9673,9.845,5.608,-1.922,0
1924398.0,-2.5922,0.3304,0.9864,9.8306,5.727,-1.925,0
1924448.0,-2.6078,0.316,0.9673,9.845,5.608,-1.839,0
1924498.0,-2.4626,0.2873,0.9481,9.8641,5.488,-1.668,0
1924548.0,-2.5441,0.3065,0.9577,9.8354,5.559,-1.785,0
1924598.0,-2.443,0.3304,0.9673,9.8162,5.624,-1.928,0
1924648.0,-2.4891,0.3208,0.9816,9.8114,5.71,-1.873,0
1924698.0,-2.4864,0.3065,0.9625,9.9168,5.541,-1.77,0
1924748.0,-2.6353,0.3256,0.9673,9.845,5.608,-1.894,0
1924798.0,-2.5226,0.3496,0.9337,9.8306,5.422,-2.036,0
1924848.0,-2.6078,0.3543,0.9242,9.8354,5.364,-2.063,0
1924898.0,-2.5057,0.3256,0.9816,9.8162,5.707,-1.9,0
1924948.0,-2.5762,0.2969,0.9194,9.8545,5.328,-1.726,0
1924998.0,-2.4348,0.3017,0.9337,9.821,5.429,-1.759,0
1925048.0,-2.4896,0.3304,0.9673,9.821,5.622,-1.927,0
1925098.0,-2.4365,0.3208,0.8954,9.8497,5.192,-1.866,0
1925148.0,-2.6055,0.316,0.9577,9.8593,5.545,-1.836,0
1925198.0,-2.5338,0.3352,0.905,9.8067,5.27,-1.958,0
1925248.0,-2.6468,0.3496,0.9481,9.8497,5.495,-2.032,0
1925298.0,-2.6397,0.316,0.9194,9.7923,5.361,-1.849,0
1925348.0,-2.5969,0.3304,0.9481,9.8306,5.506,-1.925,0
1925398.0,-2.4816,0.3208,0.9385,9.8306,5.451,-1.869,0
1925448.0,-2.4721,0.2873,0.9433,9.8306,5.479,-1.674,0
1925498.0,-2.4406,0.3448,0.9529,9.8114,5.544,-2.012,0
1925548.0,-2.5957,0.3448,0.9337,9.8641,5.404,-2.002,0
1925598.0,-2.514,0.3256,0.9577,9.8306,5.561,-1.897,0
1925648.0,-2.6345,0.2873,0.8954,9.8354,5.2,-1.673,0
1925698.0,-2.5762,0.3208,0.9529,9.845,5.526,-1.866,0
1925748.0,-2.6122,0.3208,0.9337,9.8162,5.431,-1.872,0
1925798.0,-2.4464,0.34,0.929,9.7731,5.426,-1.992,0
1925848.0,-2.5282,0.2729,0.9577,9.8881,5.53,-1.581,0
1925898.0,-2.4762,0.3208,0.9337,9.8258,5.426,-1.87,0
1925948.0,-2.4477,0.3112,0.9337,9.7875,5.447,-1.821,0
1925998.0,-2.527,0.3352,0.9768,9.8306,5.671,-1.953,0
1926048.0,-2.6322,0.3496,0.9481,9.8258,5.508,-2.037,0
1926098.0,-2.5749,0.2969,0.9577,9.8402,5.556,-1.728,0
1926148.0,-2.6247,0.3687,0.9625,9.8258,5.591,-2.149,0
1926198.0,-2.4443,0.3448,0.9625,9.8114,5.599,-2.012,0
1926248.0,-2.5658,0.3543,0.9912,9.7971,5.773,-2.071,0
1926298.0,-2.4687,0.3208,0.972,9.7731,5.677,-1.88,0
1926348.0,-2.4862,0.3591,0.9816,9.8593,5.682,-2.086,0
1926398.0,-2.4706,0.34,0.9816,9.8593,5.682,-1.975,0
1926448.0,-2.6027,0.3112,0.9529,9.8545,5.52,-1.809,0
1926498.0,-2.5696,0.3352,0.9098,9.8354,5.282,-1.952,0
1926548.0,-2.6376,0.34,0.9529,9.8067,5.547,-1.986,0
1926598.0,-2.6157,0.3208,0.9529,9.7923,5.555,-1.877,0
1926648.0,-2.5654,0.316,0.9529,9.8689,5.512,-1.834,0
1926698.0,-2.444,0.3304,0.929,9.8067,5.408,-1.93,0
1926748.0,-2.4885,0.34,0.9577,9.8354,5.558,-1.98,0
1926798.0,-2.4675,0.3687,0.972,9.8497,5.632,-2.144,0
1926848.0,-2.6116,0.3256,0.9768,9.8497,5.661,-1.893,0
1926898.0,-2.5377,0.3208,0.9481,9.7636,5.543,-1.882,0
1926948.0,-2.6179,0.3017,0.9481,9.7492,5.552,-1.772,0
1926998.0,-2.5787,0.3256,0.972,9.7731,5.677,-1.908,0
1927048.0,-2.5868,0.3639,0.9337,9.8785,5.396,-2.11,0
1927098.0,-2.462,0.3304,0.972,9.8162,5.652,-1.928,0
1927148.0,-2.5024,0.3208,0.9864,9.821,5.732,-1.871,0
1927198.0,-2.457,0.3543,0.9577,9.8593,5.544,-2.058,0
1927248.0,-2.445,0.3304,0.9385,9.8306,5.45,-1.925,0
1927298.0,-2.5322,0.3256,0.9433,9.7444,5.526,-1.914,0
1927348.0,-2.6223,0.2634,0.9433,9.821,5.485,-1.536,0
1927398.0,-2.6079,0.3639,0.9577,9.8306,5.56,-2.12,0
1927448.0,-2.6081,0.2969,0.972,9.7971,5.664,-1.736,0
1927498.0,-2.4596,0.3448,0.9768,9.8641,5.652,-2.002,0
1927548.0,-2.5264,0.3879,0.9433,9.8402,5.472,-2.257,0
1927598.0,-2.4304,0.3256,0.8811,9.8497,5.109,-1.893,0
1927648.0,-2.4366,0.3448,0.929,9.7923,5.416,-2.016,0
1927698.0,-2.5037,0.316,0.9529,9.8067,5.547,-1.846,0
1927748.0,-2.646,0.3208,0.996,9.845,5.774,-1.866,0
1927798.0,-2.5803,0.3304,0.8954,9.7779,5.229,-1.935,0
1927848.0,-2.5826,0.316,0.972,9.8306,5.644,-1.841,0
1927898.0,-2.6295,0.3543,0.8906,9.8162,5.181,-2.067,0
1927948.0,-2.5468,0.3017,0.9816,9.8306,5.7,-1.758,0
1927998.0,-2.4329,0.3256,0.9337,9.8258,5.426,-1.898,0
1928048.0,-2.4891,0.3065,0.9768,9.8258,5.675,-1.786,0
1928098.0,-2.4755,0.3543,0.9768,9.8402,5.666,-2.062,0
1928148.0,-2.6325,0.316,0.9481,9.8641,5.487,-1.835,0
1928198.0,-2.5508,0.316,0.9146,9.845,5.305,-1.839,0
1928248.0,-2.6095,0.3352,0.9337,9.8402,5.417,-1.951,0
1928298.0,-2.6313,0.3256,0.9625,9.845,5.581,-1.894,0
1928348.0,-2.5865,0.34,0.972,9.7779,5.674,-1.991,0
1928398.0,-2.4305,0.34,0.9098,9.754,5.326,-1.996,0
1928448.0,-2.4691,0.3256,0.9481,9.8258,5.508,-1.898,0
1928498.0,-2.4643,0.34,0.9768,9.8545,5.658,-1.976,0
1928548.0,-2.4383,0.3256,0.9864,9.8258,5.73,-1.898,0
1928598.0,-2.5501,0.3304,0.905,9.8833,5.229,-1.915,0
1928648.0,-2.6505,0.3256,0.9577,9.821,5.566,-1.899,0
1928698.0,-2.6163,0.3591,0.9242,9.8258,5.37,-2.093,0
1928748.0,-2.574,0.2969,0.9768,9.8258,5.675,-1.731,0
1928798.0,-2.4318,0.3352,0.9098,9.8354,5.282,-1.952,0
1928848.0,-2.4921,0.3448,0.929,9.8689,5.374,-2.001,0
1928898.0,-2.4529,0.3687,0.9864,9.754,5.771,-2.165,0
1928948.0,-2.4271,0.3256,0.9577,9.8689,5.54,-1.89,0
1928998.0,-2.5162,0.3687,0.9816,9.821,5.704,-2.15,0
1929048.0,-2.6288,0.2873,0.9912,9.8402,5.75,-1.672,0
1929098.0,-2.5818,0.3304,0.996,9.7779,5.813,-1.935,0
1929148.0,-2.5607,0.3208,0.9098,9.845,5.277,-1.866,0
1929198.0,-2.6333,0.3783,0.972,9.8497,5.632,-2.199,0
1929248.0,-2.516,0.3304,0.9673,9.8306,5.616,-1.925,0
1929298.0,-2.4566,0.3352,0.972,9.8402,5.638,-1.951,0
1929348.0,-2.4569,0.3065,0.9529,9.8258,5.536,-1.786,0
1929398.0,-2.5186,0.34,0.8954,9.8593,5.186,-1.975,0
1929448.0,-2.6132,0.3304,0.9529,9.8402,5.528,-1.923,0
1929498.0,-2.5817,0.3304,0.9433,9.821,5.483,-1.927,0
1929548.0,-2.599,0.3352,0.9481,9.8162,5.514,-1.956,0
1929598.0,-2.6311,0.3496,0.929,9.8306,5.395,-2.036,0
1929648.0,-2.521,0.3256,0.9481,9.8162,5.514,-1.9,0
1929698.0,-2.4696,0.3543,0.972,9.7875,5.668,-2.073,0
1929748.0,-2.4464,0.316,0.9242,9.8497,5.357,-1.838,0
1929798.0,-2.506,0.3831,0.9194,9.8737,5.316,-2.222,0
1929848.0,-2.4601,0.3112,0.972,9.8785,5.617,-1.805,0
1929898.0,-2.5416,0.3112,0.9673,9.8258,5.619,-1.814,0
1929948.0,-2.6193,0.3256,1.0056,9.8785,5.809,-1.888,0
1929998.0,-2.5935,0.3448,0.9625,9.8545,5.575,-2.004,0
1930048.0,-2.5366,0.3304,0.9433,9.8067,5.491,-1.93,0
1930098.0,-2.4702,0.2921,0.9673,9.845,5.609,-1.699,0
1930148.0,-2.4671,0.3304,0.9816,9.8641,5.68,-1.918,0
1930198.0,-2.4696,0.3496,0.9146,9.7731,5.343,-2.048,0
1930248.0,-2.4248,0.3448,0.9768,9.8306,5.671,-2.009,0
1930298.0,-2.5565,0.3496,0.9433,9.8019,5.494,-2.042,0
1930348.0,-2.6182,0.3304,0.9481,9.8881,5.474,-1.914,0
1930398.0,-2.6153,0.3496,0.972,9.8545,5.63,-2.032,0
1930448.0,-2.575,0.3304,0.9337,9.8162,5.431,-1.928,0
1930498.0,-2.6041,0.316,0.9673,9.8689,5.595,-1.834,0
1930548.0,-2.5041,0.3496,0.9098,9.8354,5.282,-2.035,0
1930598.0,-2.4618,0.3065,0.9002,9.845,5.222,-1.783,0
1930648.0,-2.4569,0.3017,0.8859,9.8067,5.159,-1.762,0
1930698.0,-2.5423,0.2873,0.9242,9.8497,5.358,-1.671,0
1930748.0,-2.6043,0.316,0.905,9.8162,5.265,-1.844,0
1930798.0,-2.5811,0.3352,0.9337,9.845,5.415,-1.95,0
1930848.0,-2.5597,0.3543,0.9768,9.7923,5.693,-2.072,0
1930898.0,-2.6272,0.3543,0.9577,9.8402,5.555,-2.062,0
1930948.0,-2.5071,0.3687,0.9433,9.821,5.483,-2.15,0
1930998.0,-2.4843,0.34,0.9242,9.7731,5.399,-1.992,0
1931048.0,-2.4315,0.3496,0.929,9.8067,5.408,-2.041,0
1931098.0,-2.5357,0.3065,0.9146,9.8497,5.302,-1.782,0
1931148.0,-2.4577,0.3208,0.9816,9.8162,5.708,-1.872,0
1931198.0,-2.5843,0.3448,0.9337,9.8067,5.436,-2.013,0
1931248.0,-2.6017,0.3352,0.9864,9.8162,5.735,-1.956,0
1931298.0,-2.6173,0.316,0.9337,9.8593,5.407,-1.836,0
1931348.0,-2.5281,0.3065,0.9146,9.845,5.305,-1.783,0
1931398.0,-2.4328,0.3304,0.9529,9.8737,5.509,-1.917,0
1931448.0,-2.4789,0.3639,0.9481,9.8737,5.481,-2.111,0
1931498.0,-2.4857,0.3352,0.9577,9.8019,5.577,-1.959,0
1931548.0,-2.4295,0.3017,0.9337,9.8354,5.421,-1.757,0
1931598.0,-2.5733,0.3304,0.9242,9.8019,5.383,-1.931,0
1931648.0,-2.5845,0.3256,0.9385,9.8737,5.427,-1.889,0
1931698.0,-2.6172,0.3352,0.9625,9.8162,5.597,-1.956,0
1931748.0,-2.5223,0.3065,0.9481,9.8258,5.509,-1.786,0
1931798.0,-2.6115,0.3543,0.996,9.8976,5.743,-2.05,0
1931848.0,-2.5565,0.34,0.8859,9.8402,5.141,-1.979,0
1931898.0,-2.5016,0.5076,1.1205,9.9024,6.447,-2.934,0
1931948.0,-2.4454,0.3256,1.336,9.8258,7.739,-1.898,0
1931998.0,-2.3596,0.1484,0.9673,10.1993,5.417,-0.834,0
1932048.0,-2.2169,0.3112,1.2258,9.8114,7.118,-1.817,0
1932098.0,-2.46,0.3352,1.3599,9.9647,7.767,-1.927,0
1932148.0,-2.2386,0.3735,1.2498,9.9455,7.157,-2.151,0
1932198.0,-2.4807,0.3017,1.2019,9.9838,6.861,-1.731,0
1932248.0,-2.4508,0.2634,0.9481,10.0173,5.405,-1.506,0
1932298.0,-2.4807,0.3496,1.245,10.0078,7.087,-2.0,0
1932348.0,-2.4945,0.5028,1.3982,10.0413,7.917,-2.866,0
1932398.0,-2.2716,0.316,1.4461,9.9599,8.257,-1.817,0
1932448.0,-2.1774,0.4549,1.3791,10.0173,7.831,-2.6,0
1932498.0,-2.2506,0.3304,1.2833,9.9886,7.317,-1.895,0
1932548.0,-2.2888,0.3352,1.1923,10.0269,6.778,-1.915,0
1932598.0,-2.3148,0.4501,1.3072,10.1275,7.348,-2.545,0
1932648.0,-2.256,0.4166,1.4365,10.0269,8.146,-2.379,0
1932698.0,-2.2993,0.3065,1.3647,9.9551,7.802,-1.763,0
1932748.0,-2.2967,0.4836,1.403,10.1418,7.867,-2.73,0
1932798.0,-2.2949,0.4022,1.3791,10.0221,7.829,-2.298,0
1932848.0,-2.2474,0.3112,1.4557,9.9503,8.319,-1.792,0
1932898.0,-2.3149,0.249,1.0918,9.9647,6.251,-1.431,0
1932948.0,-2.2921,0.4262,1.1827,9.9695,6.76,-2.448,0
1932998.0,-2.2035,0.3831,1.1827,10.0413,6.713,-2.185,0
1933048.0,-2.1451,0.5219,1.7573,10.1466,9.813,-2.945,0
1933098.0,-2.164,0.2777,1.3503,9.9407,7.733,-1.6,0
1933148.0,-2.166,0.3639,1.5227,9.9311,8.711,-2.099,0
1933198.0,-2.1777,0.3208,1.5467,9.979,8.806,-1.841,0
1933248.0,-2.1635,0.5411,1.2067,10.1466,6.772,-3.053,0
1933298.0,-2.1048,0.4549,1.0391,10.1179,5.858,-2.574,0
1933348.0,-2.0797,0.4166,1.2594,9.9934,7.176,-2.387,0
1933398.0,-2.0827,0.3639,1.2929,10.003,7.36,-2.084,0
1933448.0,-2.0593,0.5315,1.336,10.0413,7.568,-3.03,0
1933498.0,-2.2204,0.2538,1.4988,9.9695,8.547,-1.458,0
1933548.0,-2.2573,0.3879,0.9002,10.0126,5.134,-2.218,0
1933598.0,-2.2552,0.3448,1.0439,9.9599,5.98,-1.983,0
1933648.0,-2.2028,0.4741,1.1875,9.9503,6.798,-2.728,0
1933698.0,-2.1884,0.3304,1.0391,9.9838,5.939,-1.895,0
1933748.0,-2.2128,0.4693,1.3599,9.9934,7.741,-2.688,0
1933798.0,-2.1407,0.316,1.2977,9.8545,7.498,-1.837,0
1933848.0,-2.1213,0.4262,0.8188,9.9838,4.684,-2.444,0
1933898.0,-2.1159,0.2969,0.905,9.9695,5.185,-1.706,0
1933948.0,-2.0617,0.4741,0.9625,10.0126,5.485,-2.711,0
1933998.0,-2.0543,0.316,1.0008,9.9359,5.749,-1.822,0
1934048.0,-2.146,0.4453,1.3934,9.9695,7.949,-2.558,0
1934098.0,-2.2173,0.2921,0.589,9.9503,3.386,-1.681,0
1934148.0,-2.2633,0.3017,0.814,9.9168,4.69,-1.742,0
1934198.0,-2.3044,0.3974,0.7278,9.9886,4.164,-2.279,0
1934248.0,-2.2338,0.3496,0.7757,9.9934,4.436,-2.003,0
1934298.0,-2.1936,0.3974,0.996,10.0365,5.663,-2.268,0
1934348.0,-2.16,0.4501,1.1061,10.0461,6.277,-2.565,0
1934398.0,-2.1817,0.3352,0.7614,9.8641,4.411,-1.946,0
1934448.0,-2.0959,0.4453,0.7709,9.9407,4.43,-2.565,0
1934498.0,-2.0647,0.4645,0.7661,10.0652,4.348,-2.642,0
1934548.0,-2.0394,0.2969,0.9242,9.8785,5.342,-1.721,0
1934598.0,-2.0548,0.3974,0.7949,10.0461,4.52,-2.266,0
1934648.0,-2.0243,0.4597,0.929,10.0078,5.298,-2.63,0
1934698.0,-1.9776,0.3687,0.8619,9.845,5.0,-2.145,0
1934748.0,-1.9704,0.2442,0.8236,9.8593,4.774,-1.419,0
1934798.0,-2.0711,0.3974,0.6943,9.8833,4.015,-2.303,0
1934848.0,-2.0651,0.4549,0.7614,10.0365,4.334,-2.595,0
1934898.0,-2.1661,0.3926,0.589,9.9838,3.374,-2.252,0
1934948.0,-2.1821,0.3831,0.9385,9.9359,5.392,-2.208,0
1934998.0,-2.2546,0.2825,0.8619,9.8545,4.997,-1.642,0
1935048.0,-2.2433,0.4453,0.996,9.8881,5.746,-2.579,0
1935098.0,-2.2037,0.3448,0.8236,9.8881,4.758,-1.997,0
1935148.0,-2.1111,0.3352,0.8667,9.912,4.994,-1.937,0
1935198.0,-2.136,0.4166,0.5938,9.9455,3.414,-2.399,0
1935248.0,-2.0879,0.3974,0.929,9.979,5.314,-2.281,0
1935298.0,-2.0519,0.3017,0.6943,9.9311,3.997,-1.74,0
1935348.0,-2.0641,0.4166,1.1923,9.9216,6.847,-2.404,0
1935398.0,-2.2051,0.4357,0.996,9.9216,5.727,-2.515,0
1935448.0,-2.1499,0.3543,1.0534,9.9072,6.066,-2.048,0
1935498.0,-2.1621,0.5459,0.8236,9.9503,4.725,-3.14,0
1935548.0,-2.1081,0.3208,0.8811,9.9072,5.079,-1.855,0
1935598.0,-2.1316,0.3926,0.7135,9.9072,4.116,-2.27,0
1935648.0,-2.0878,0.3687,1.3743,9.9359,7.869,-2.125,0
1935698.0,-2.1498,0.4788,1.2641,9.8833,7.281,-2.774,0
1935748.0,-2.2004,0.3926,1.0774,9.8881,6.213,-2.274,0
1935798.0,-2.2448,0.5219,0.8763,9.9072,5.048,-3.016,0
1935848.0,-2.1672,0.3496,0.9385,9.8785,5.424,-2.027,0
1935898.0,-2.1838,0.4214,0.7183,9.8833,4.153,-2.441,0
1935948.0,-2.1803,0.3735,1.4269,9.9024,8.194,-2.16,0
1935998.0,-2.223,0.5602,1.4269,9.8402,8.238,-3.259,0
1936048.0,-2.1304,0.3783,1.2594,9.8689,7.267,-2.195,0
1936098.0,-2.0579,0.4214,1.2019,9.8641,6.941,-2.446,0
1936148.0,-2.0014,0.3687,1.2306,9.9359,7.056,-2.125,0
1936198.0,-2.0879,0.4597,0.905,9.8689,5.234,-2.667,0
1936248.0,-2.1162,0.431,1.5275,9.9168,8.748,-2.488,0
1936298.0,-2.1841,0.6129,1.6616,9.8641,9.543,-3.556,0
1936348.0,-2.0766,0.498,1.3982,9.8833,8.042,-2.885,0
1936398.0,-2.0972,0.565,1.4557,9.8928,8.357,-3.269,0
1936448.0,-2.0654,0.431,1.2019,9.8833,6.927,-2.497,0
1936498.0,-2.0238,0.5028,1.1349,9.9311,6.511,-2.898,0
1936548.0,-1.9339,0.2825,1.5514,9.8881,8.913,-1.637,0
1936598.0,-2.034,0.3639,1.6999,9.9264,9.711,-2.1,0
1936648.0,-1.9845,0.5267,1.4222,9.9503,8.123,-3.03,0
1936698.0,-1.9613,0.5746,1.6041,9.8354,9.248,-3.344,0
1936748.0,-1.9662,0.5028,1.3743,9.8689,7.917,-2.916,0
1936798.0,-2.0583,0.5315,1.3982,9.8976,8.029,-3.074,0
1936848.0,-2.1067,0.3112,1.063,9.8881,6.133,-1.803,0
1936898.0,-2.1609,0.6608,1.561,9.7444,9.081,-3.879,0
1936948.0,-2.098,0.6273,1.4509,9.9551,8.276,-3.606,0
1936998.0,-2.0418,0.589,1.4796,9.9168,8.471,-3.399,0
1937048.0,-2.0313,0.5171,1.4317,9.9024,8.216,-2.99,0
1937098.0,-2.1251,0.5938,1.5802,9.8593,9.089,-3.446,0
1937148.0,-2.2634,0.431,1.0247,9.8593,5.928,-2.503,0
1937198.0,-2.344,0.5315,1.2833,9.8881,7.384,-3.077,0
1937248.0,-2.2296,0.5363,1.336,9.9264,7.654,-3.093,0
1937298.0,-2.2132,0.565,1.3791,9.9216,7.901,-3.259,0
1937348.0,-1.9993,0.6225,1.4365,9.9503,8.199,-3.58,0
1937398.0,-1.9765,0.5842,1.4844,9.7827,8.613,-3.417,0
1937448.0,-1.9566,0.4405,0.9385,9.845,5.44,-2.562,0
1937498.0,-2.0953,0.5363,1.0343,9.8402,5.991,-3.12,0
1937548.0,-2.0888,0.4884,0.9625,9.8641,5.566,-2.835,0
1937598.0,-2.1455,0.5602,1.2163,9.8402,7.035,-3.259,0
1937648.0,-2.1142,0.6177,1.3791,9.9359,7.887,-3.557,0
1937698.0,-2.1382,0.5124,1.494,9.8737,8.593,-2.97,0
1937748.0,-2.1123,0.5315,1.5179,9.7875,8.803,-3.108,0
1937798.0,-2.1386,0.5315,0.8428,9.7875,4.914,-3.108,0
1937848.0,-2.1125,0.5507,0.8475,9.9695,4.852,-3.162,0
1937898.0,-2.1203,0.5555,1.1061,9.8833,6.376,-3.217,0
1937948.0,-1.9492,0.5794,1.2498,9.9216,7.167,-3.342,0
1937998.0,-1.9416,0.5746,1.3982,9.979,7.963,-3.296,0
1938048.0,-1.9807,0.5459,0.5315,9.912,3.065,-3.152,0
1938098.0,-2.1031,0.4693,0.5555,9.8019,3.24,-2.741,0
1938148.0,-2.0715,0.5171,0.6895,9.9024,3.978,-2.99,0
1938198.0,-2.1597,0.3926,0.9577,9.7205,5.622,-2.313,0
1938248.0,-1.9818,0.5028,1.1157,9.9216,6.408,-2.901,0
1938298.0,-1.9373,0.4597,1.063,9.9503,6.092,-2.645,0
1938348.0,-1.9092,0.5171,0.5267,9.6822,3.109,-3.057,0
1938398.0,-2.0305,0.656,0.4118,9.7252,2.419,-3.859,0
1938448.0,-2.0923,0.4788,0.5363,9.7971,3.13,-2.798,0
1938498.0,-2.1494,0.4022,0.5986,9.7444,3.512,-2.364,0
1938548.0,-2.0979,0.5411,0.7805,9.8019,4.546,-3.16,0
1938598.0,-2.1464,0.3974,0.9625,9.7348,5.642,-2.338,0
1938648.0,-2.0062,0.498,1.1349,9.6678,6.686,-2.949,0
1938698.0,-2.0452,0.4932,0.3974,9.7109,2.341,-2.907,0
1938748.0,-1.9704,0.3783,0.3065,9.7252,1.804,-2.228,0
1938798.0,-2.0267,0.3639,0.6177,9.73,3.63,-2.142,0
1938848.0,-2.0502,0.3974,0.5507,9.7252,3.238,-2.34,0
1938898.0,-2.0417,0.431,0.7183,9.7588,4.205,-2.529,0
1938948.0,-2.0806,0.5842,0.8332,9.7348,4.883,-3.434,0
1938998.0,-2.0576,0.407,0.4788,9.8306,2.786,-2.371,0
1939048.0,-1.9882,0.3208,0.7135,9.7348,4.189,-1.888,0
1939098.0,-2.0464,0.3543,0.4214,9.7396,2.476,-2.084,0
1939148.0,-2.0143,0.4262,0.3352,9.8497,1.947,-2.477,0
1939198.0,-2.0115,0.4501,0.6273,9.6534,3.714,-2.67,0
1939248.0,-1.9587,0.4597,0.7661,9.6822,4.519,-2.718,0
1939298.0,-2.0058,0.3591,0.6991,9.6726,4.131,-2.126,0
1939348.0,-2.0901,0.5507,0.6081,9.6391,3.604,-3.27,0
1939398.0,-2.0587,0.34,0.2011,9.7396,1.182,-1.999,0
1939448.0,-2.0289,0.2969,0.5602,9.6438,3.323,-1.763,0
1939498.0,-2.0237,0.4166,0.4741,9.7636,2.777,-2.443,0
1939548.0,-1.9556,0.3208,0.4405,9.6343,2.617,-1.907,0
1939598.0,-1.975,0.3783,0.5746,9.6726,3.397,-2.24,0
1939648.0,-1.9699,0.3543,0.6321,9.663,3.74,-2.1,0
1939698.0,-2.0538,0.3783,0.6943,9.6869,4.097,-2.236,0
1939748.0,-1.9366,0.3208,0.6416,9.6486,3.803,-1.904,0
1939798.0,-2.0128,0.3639,0.3879,9.7205,2.283,-2.144,0
1939848.0,-2.0051,0.3208,0.5698,9.663,3.373,-1.902,0
1939898.0,-2.1769,0.3591,1.1779,9.6486,6.956,-2.132,0
1939948.0,-2.1295,0.2346,0.8859,9.6151,5.262,-1.398,0
1939998.0,-2.1014,0.3112,0.7709,9.7061,4.539,-1.837,0
1940048.0,-2.0587,0.0383,0.6895,9.7061,4.063,-0.226,0
1940098.0,-2.103,0.3543,0.6608,9.8593,3.832,-2.058,0
1940148.0,-2.0599,0.3831,0.5219,9.7683,3.056,-2.246,0
1940198.0,-2.0721,0.2729,0.3926,9.5864,2.345,-1.631,0
1940248.0,-2.0492,0.1724,1.0534,9.5672,6.283,-1.032,0
1940298.0,-2.0355,0.3256,0.9337,9.6822,5.505,-1.926,0
1940348.0,-1.9756,0.2634,0.7326,9.6917,4.321,-1.557,0
1940398.0,-2.0816,0.3065,0.7087,9.7396,4.16,-1.802,0
1940448.0,-2.1106,0.249,0.7805,9.7109,4.594,-1.469,0
1940498.0,-2.2387,0.3496,0.5028,9.6055,2.994,-2.084,0
1940548.0,-2.2336,0.3256,1.1588,9.6869,6.818,-1.925,0
1940598.0,-2.1494,0.3065,1.1971,9.7252,7.014,-1.805,0
1940648.0,-2.1234,0.2155,1.0008,9.6295,5.932,-1.282,0
1940698.0,-2.0845,0.3208,0.8667,9.6822,5.112,-1.898,0
1940748.0,-2.0506,0.2394,0.7183,9.754,4.21,-1.406,0
1940798.0,-2.1651,0.3783,0.7709,9.6103,4.583,-2.254,0
1940848.0,-2.1823,0.34,0.9433,9.6103,5.603,-2.026,0
1940898.0,-2.1251,0.3017,1.2594,9.7731,7.339,-1.768,0
1940948.0,-2.0389,0.2538,1.0343,9.6486,6.116,-1.507,0
1940998.0,-2.1139,0.3783,1.1684,9.845,6.763,-2.2,0
1941048.0,-2.0074,0.3208,0.9194,9.6822,5.421,-1.898,0
1941098.0,-2.0667,0.3065,0.8571,9.6774,5.059,-1.814,0
1941148.0,-1.9796,0.0718,0.68,9.663,4.025,-0.426,0
1941198.0,-2.0701,0.2825,1.2067,9.7013,7.087,-1.668,0
1941248.0,-2.0845,0.2107,1.0918,9.7492,6.388,-1.238,0
1941298.0,-2.12,0.3879,0.9864,9.7875,5.751,-2.269,0
1941348.0,-2.1495,0.2442,1.0199,9.572,6.08,-1.461,0
1941398.0,-2.2296,0.34,0.747,9.6247,4.435,-2.023,0
1941448.0,-2.0854,0.1532,0.6129,9.6438,3.636,-0.91,0
1941498.0,-2.0372,0.2107,0.9816,9.7157,5.768,-1.242,0
1941548.0,-2.0413,0.1389,0.7949,9.6869,4.69,-0.821,0
1941598.0,-2.0028,0.3543,1.0822,9.7252,6.345,-2.087,0
1941648.0,-2.0214,0.2442,1.0726,9.7157,6.298,-1.44,0
1941698.0,-2.0098,0.2586,0.5746,9.6965,3.39,-1.528,0
1941748.0,-2.0652,0.2346,0.4884,9.6917,2.884,-1.387,0
1941798.0,-2.2369,0.1484,0.7614,9.8737,4.409,-0.861,0
1941848.0,-2.2479,0.0814,0.6416,9.5289,3.852,-0.489,0
1941898.0,-2.1854,0.2107,0.8045,9.5672,4.805,-1.262,0
1941948.0,-2.0982,0.1915,0.9242,9.6391,5.476,-1.138,0
1941998.0,-2.1304,0.2346,1.1732,9.7013,6.893,-1.385,0
1942048.0,-2.1155,0.0575,0.3352,9.7205,1.975,-0.339,0
1942098.0,-2.1513,0.1484,0.4788,9.6774,2.832,-0.879,0
1942148.0,-2.1539,0.2011,0.4645,9.7971,2.714,-1.176,0
1942198.0,-2.0254,0.0287,0.6656,9.6822,3.933,-0.17,0
1942248.0,-2.0904,0.1341,0.747,9.7013,4.403,-0.792,0
1942298.0,-2.0997,0.2298,1.0199,9.754,5.968,-1.35,0
1942348.0,-2.0685,0.2825,0.4836,9.8545,2.808,-1.642,0
1942398.0,-2.1079,-0.0287,0.3735,9.6295,2.221,0.171,0
1942448.0,-2.1224,0.0527,0.3065,9.6343,1.822,-0.313,0
1942498.0,-2.078,0.0718,0.4645,9.7683,2.722,-0.421,0
1942548.0,-2.0884,0.1532,0.6321,9.6869,3.733,-0.906,0
1942598.0,-2.0512,0.0622,0.814,9.6438,4.825,-0.37,0
1942648.0,-2.1355,0.1437,0.4501,9.8306,2.621,-0.837,0
1942698.0,-2.213,0.1437,0.5507,9.6534,3.264,-0.853,0
1942748.0,-2.1281,0.0958,0.4166,9.7205,2.454,-0.564,0
1942798.0,-2.0749,-0.0527,0.4788,9.6438,2.842,0.313,0
1942848.0,-2.062,0.1437,0.4788,9.6917,2.828,-0.849,0
1942898.0,-2.0557,-0.0144,0.5986,9.6486,3.55,0.085,0
1942948.0,-2.1116,0.1628,0.4118,9.7348,2.422,-0.958,0
1942998.0,-2.0509,0.0766,0.6129,9.7779,3.587,-0.449,0
1943048.0,-2.1572,0.1867,0.3352,9.7923,1.96,-1.093,0
1943098.0,-2.2203,0.0862,0.5076,9.7444,2.982,-0.507,0
1943148.0,-2.1193,0.0814,0.4693,9.7827,2.746,-0.477,0
1943198.0,-2.1583,-0.0862,0.6225,9.7971,3.635,0.504,0
1943248.0,-2.1796,0.1915,0.4118,9.8976,2.382,-1.109,0
1943298.0,-2.1845,0.0958,0.7757,9.8306,4.512,-0.558,0
1943348.0,-2.0584,0.0527,0.6369,9.6726,3.767,-0.312,0
1943398.0,-2.0529,0.091,0.5794,9.73,3.408,-0.536,0
1943448.0,-2.1077,0.1149,0.4501,9.7157,2.652,-0.678,0
1943498.0,-2.0715,0.0,0.4022,9.6486,2.387,0.0,0
1943548.0,-2.1882,0.2011,0.4262,9.8737,2.471,-1.167,0
1943598.0,-2.1343,0.158,1.0247,9.8019,5.967,-0.924,0
1943648.0,-2.1698,0.1676,0.7757,9.8162,4.518,-0.978,0
1943698.0,-2.153,0.0527,0.6608,9.8114,3.853,-0.308,0
1943748.0,-2.0152,0.0048,0.6895,9.7157,4.06,-0.028,0
1943798.0,-2.0634,0.0814,0.3831,9.7252,2.256,-0.48,0
1943848.0,-2.0852,0.1101,1.3312,10.0173,7.569,-0.63,0
1943898.0,-2.0984,-0.0431,1.1492,9.9359,6.598,0.249,0
1943948.0,-2.1932,0.1245,0.9625,9.7683,5.627,-0.73,0
1943998.0,-2.1407,0.1915,0.7422,9.821,4.321,-1.117,0
1944048.0,-2.0712,0.1293,0.7805,9.6774,4.611,-0.765,0
1944098.0,-1.9922,0.0575,0.6369,9.7205,3.748,-0.339,0
1944148.0,-2.042,0.0335,0.4884,9.8497,2.839,-0.195,0
1944198.0,-2.0804,0.2634,1.4892,9.8976,8.554,-1.524,0
1944248.0,-2.0633,0.2155,1.3072,9.8641,7.547,-1.251,0
1944298.0,-2.0048,0.3208,1.2354,9.8737,7.128,-1.861,0
1944348.0,-2.0623,0.0718,0.9816,9.7971,5.722,-0.42,0
1944398.0,-2.1759,0.1437,0.9002,9.7109,5.296,-0.848,0
1944448.0,-2.1224,0.1006,0.5171,9.7827,3.026,-0.589,0
1944498.0,-2.0962,0.3687,1.5036,9.9838,8.559,-2.115,0
1944548.0,-2.1268,0.2251,1.3695,9.9311,7.849,-1.298,0
1944598.0,-2.1487,0.3735,1.1349,10.0221,6.456,-2.134,0
1944648.0,-2.1393,0.1389,1.1875,9.7923,6.914,-0.812,0
1944698.0,-2.0362,0.1915,0.8188,9.8306,4.76,-1.116,0
1944748.0,-1.9594,0.182,0.8284,9.9407,4.763,-1.049,0
1944798.0,-1.8962,0.4549,1.4605,9.9742,8.322,-2.611,0
1944848.0,-2.0191,0.34,1.3024,9.9886,7.425,-1.949,0
1944898.0,-2.0462,0.407,1.3408,9.979,7.646,-2.336,0
1944948.0,-2.1089,0.2059,1.1588,9.8497,6.708,-1.198,0
1944998.0,-2.0221,0.2203,1.0104,9.8354,5.864,-1.283,0
1945048.0,-1.9667,0.0958,1.0391,9.9886,5.939,-0.549,0
1945098.0,-1.9949,0.1006,0.9433,10.0317,5.372,-0.574,0
1945148.0,-2.0994,0.2873,1.4174,9.9742,8.084,-1.65,0
1945198.0,-2.0679,0.3543,1.7286,9.9551,9.845,-2.039,0
1945248.0,-2.2448,0.3352,1.403,9.9407,8.029,-1.931,0
1945298.0,-2.2738,0.2729,1.221,9.8306,7.078,-1.59,0
1945348.0,-2.3548,0.1963,1.3024,9.9503,7.456,-1.13,0
1945398.0,-2.2064,0.4214,1.47,9.979,8.373,-2.418,0
1945448.0,-2.0702,0.3352,1.6712,9.9742,9.506,-1.925,0
1945498.0,-1.979,0.3112,1.3408,9.979,7.649,-1.786,0
1945548.0,-2.0278,0.2873,1.4796,9.8833,8.511,-1.665,0
1945598.0,-2.1209,0.3256,1.2881,9.7971,7.486,-1.904,0
1945648.0,-2.0685,0.2346,1.4269,9.9359,8.17,-1.353,0
1945698.0,-2.0383,0.2155,1.3072,10.0317,7.423,-1.231,0
1945748.0,-2.0746,0.3304,1.3455,9.9359,7.708,-1.905,0
1945798.0,-2.063,0.407,1.2689,9.9647,7.251,-2.339,0
1945848.0,-2.0875,0.2777,1.2641,9.9838,7.214,-1.593,0
1945898.0,-2.038,0.3926,1.4748,10.1035,8.299,-2.226,0
1945948.0,-2.0162,0.3065,0.9002,9.9503,5.167,-1.764,0
1945998.0,-1.9496,0.2921,0.9481,9.8833,5.477,-1.693,0
1946048.0,-1.9807,0.407,1.1157,9.9886,6.368,-2.333,0
1946098.0,-2.0505,0.3591,1.4174,9.9407,8.109,-2.069,0
1946148.0,-2.1723,0.3543,1.3216,10.0604,7.479,-2.017,0
1946198.0,-2.1921,0.4022,1.6472,9.9168,9.423,-2.323,0
1946248.0,-2.2525,0.3256,1.3647,10.0365,7.739,-1.858,0
1946298.0,-2.2254,0.2682,0.9673,9.912,5.572,-1.55,0
1946348.0,-2.1868,0.1915,0.8332,9.8737,4.823,-1.111,0
1946398.0,-2.1156,0.3543,1.2402,9.9647,7.09,-2.037,0
1946448.0,-2.1573,0.2729,1.3886,9.9742,7.923,-1.567,0
1946498.0,-2.0922,0.4166,1.4126,10.003,8.031,-2.385,0
1946548.0,-2.1535,0.2203,1.3695,10.0078,7.79,-1.261,0
1946598.0,-2.1986,0.3687,0.7326,9.912,4.224,-2.13,0
1946648.0,-2.2356,0.2442,0.905,9.8641,5.24,-1.418,0
1946698.0,-2.263,0.2825,1.0487,9.9886,5.991,-1.62,0
1946748.0,-2.2831,0.2586,1.0391,9.9359,5.968,-1.491,0
1946798.0,-2.1481,0.2634,1.3312,9.9742,7.599,-1.512,0
1946848.0,-2.0762,0.2394,1.312,9.9024,7.545,-1.385,0
1946898.0,-2.0611,0.3304,0.8667,9.9311,4.985,-1.905,0
1946948.0,-2.1221,0.1341,0.6991,9.8833,4.046,-0.777,0
1946998.0,-2.1105,0.3208,0.972,9.9551,5.574,-1.846,0
1947048.0,-2.175,0.2155,1.0582,9.7875,6.169,-1.261,0
1947098.0,-2.0974,0.431,1.2115,10.0652,6.857,-2.452,0
1947148.0,-2.0801,0.3065,1.3791,9.9503,7.887,-1.764,0
1947198.0,-2.0709,0.4645,1.4892,9.8976,8.547,-2.687,0
1947248.0,-2.1701,0.3687,0.6321,9.9742,3.624,-2.117,0
1947298.0,-2.0885,0.3639,0.9625,9.8737,5.564,-2.111,0
1947348.0,-2.1529,0.3831,0.8284,10.0652,4.702,-2.18,0
1947398.0,-2.0155,0.3208,1.063,9.9982,6.066,-1.838,0
1947448.0,-2.1559,0.3735,0.9673,9.8306,5.615,-2.176,0
1947498.0,-2.1538,0.3352,1.3072,9.8785,7.534,-1.943,0
1947548.0,-2.0814,0.3304,0.6416,9.9455,3.689,-1.903,0
1947598.0,-2.0433,0.2729,0.9385,9.912,5.407,-1.577,0
1947648.0,-2.0214,0.2634,0.7997,9.9359,4.6,-1.518,0
1947698.0,-1.9874,0.407,1.0534,9.9503,6.038,-2.342,0
1947748.0,-1.9572,0.3735,0.8859,9.8162,5.153,-2.179,0
1947798.0,-1.9243,0.3112,1.1013,9.8641,6.368,-1.807,0
1947848.0,-2.1033,0.3974,0.8284,9.9407,4.76,-2.29,0
1947898.0,-2.1057,0.407,0.7949,9.8785,4.597,-2.359,0
1947948.0,-2.1966,0.3735,0.5986,9.9647,3.435,-2.147,0
1947998.0,-2.0871,0.3017,0.7853,9.8976,4.534,-1.746,0
1948048.0,-2.1235,0.34,0.8428,9.979,4.825,-1.951,0
1948098.0,-2.1252,0.3496,1.1684,9.8833,6.738,-2.026,0
1948148.0,-2.2319,0.4453,0.905,9.845,5.247,-2.59,0
1948198.0,-2.1308,0.3065,0.8571,9.8306,4.981,-1.786,0
1948248.0,-2.1877,0.4549,0.7709,9.9551,4.424,-2.616,0
1948298.0,-2.1973,0.2729,0.8954,9.912,5.16,-1.577,0
1948348.0,-2.1664,0.2298,0.6895,9.8162,4.017,-1.341,0
1948398.0,-2.0799,0.4022,0.996,9.9599,5.706,-2.313,0
1948448.0,-2.0591,0.2969,1.0534,9.9024,6.07,-1.717,0
1948498.0,-2.0828,0.4214,1.0487,9.9311,6.022,-2.43,0
1948548.0,-2.1722,0.4741,0.814,9.9024,4.694,-2.741,0
1948598.0,-2.0831,0.407,0.8667,9.8737,5.012,-2.361,0
1948648.0,-2.1282,0.3496,0.7518,9.912,4.335,-2.02,0
1948698.0,-2.0715,0.3065,0.7661,9.8354,4.452,-1.785,0
1948748.0,-2.1204,0.2969,1.3838,9.9407,7.922,-1.711,0
1948798.0,-2.0387,0.3974,1.1109,9.845,6.433,-2.312,0
1948848.0,-2.1386,0.4214,0.9242,9.7827,5.392,-2.466,0
1948898.0,-2.1394,0.3208,0.8523,9.9264,4.905,-1.851,0
1948948.0,-2.1051,0.3926,0.814,9.9838,4.658,-2.252,0
1948998.0,-2.0556,0.316,1.4557,9.979,8.295,-1.814,0
1949048.0,-2.1226,0.3783,0.5794,9.8976,3.348,-2.189,0
1949098.0,-2.1301,0.4022,1.221,9.8497,7.061,-2.338,0
1949148.0,-2.1593,0.4693,1.1492,9.912,6.606,-2.711,0
1949198.0,-2.0644,0.3496,0.9242,9.912,5.323,-2.02,0
1949248.0,-2.0626,0.3831,0.8284,9.9647,4.749,-2.202,0
1949298.0,-2.0296,0.3304,0.9433,9.821,5.483,-1.927,0
1949348.0,-2.1166,0.3256,1.5467,9.8976,8.877,-1.884,0
1949398.0,-2.0444,0.4597,1.2594,9.7875,7.324,-2.689,0
1949448.0,-2.0468,0.5459,1.2881,9.8928,7.407,-3.158,0
1949498.0,-2.0447,0.2777,1.1349,9.8114,6.595,-1.621,0
1949548.0,-2.1986,0.4405,1.0774,9.7875,6.275,-2.577,0
1949598.0,-2.1928,0.4357,0.9625,10.003,5.491,-2.494,0
1949648.0,-2.2191,0.4836,0.8523,9.8545,4.937,-2.81,0
1949698.0,-2.075,0.4405,1.312,9.8785,7.558,-2.553,0
1949748.0,-2.0634,0.4932,1.4653,9.8833,8.423,-2.857,0
1949798.0,-2.0174,0.4836,1.3791,9.8641,7.949,-2.807,0
1949848.0,-2.1004,0.5459,1.2641,9.9742,7.212,-3.133,0
1949898.0,-2.08,0.3926,1.3216,9.9551,7.556,-2.259,0
1949948.0,-2.1756,0.3879,0.905,9.9264,5.205,-2.238,0
1949998.0,-2.037,0.4597,1.4988,9.912,8.589,-2.655,0
1950048.0,-1.9851,0.6416,1.6137,9.9503,9.193,-3.69,0
1950098.0,-2.006,0.4884,1.4605,9.8928,8.388,-2.826,0
1950148.0,-2.1199,0.5267,1.4126,9.9072,8.103,-3.043,0
1950198.0,-2.1519,0.4118,1.1253,9.8689,6.499,-2.389,0
1950248.0,-2.1461,0.5555,1.0151,9.8545,5.872,-3.226,0
1950298.0,-2.0203,0.6991,1.5371,9.9647,8.748,-4.013,0
1950348.0,-2.0854,0.5028,1.5562,9.7348,9.071,-2.957,0
1950398.0,-2.013,0.4836,1.4222,10.0317,8.06,-2.76,0
1950448.0,-2.1214,0.4166,1.4557,9.8402,8.407,-2.424,0
1950498.0,-2.1184,0.5315,1.2258,9.9311,7.027,-3.064,0
1950548.0,-2.0679,0.4932,1.3695,9.9072,7.861,-2.85,0
1950598.0,-2.0367,0.6704,1.3886,9.912,7.957,-3.869,0
1950648.0,-2.0665,0.5411,1.6472,9.8306,9.498,-3.15,0
1950698.0,-2.0765,0.5842,1.3408,9.9168,7.687,-3.371,0
1950748.0,-2.1505,0.6464,1.6807,9.8881,9.627,-3.74,0
1950798.0,-2.1444,0.5363,1.4557,9.8737,8.375,-3.109,0
1950848.0,-2.2811,0.3926,1.0391,9.8689,6.006,-2.278,0
1950898.0,-2.1847,0.7757,1.1061,9.9072,6.351,-4.477,0
1950948.0,-2.1948,0.4932,1.6233,9.8354,9.36,-2.871,0
1950998.0,-2.035,0.6129,1.2785,9.9407,7.315,-3.528,0
1951048.0,-2.0248,0.5124,1.6089,9.8737,9.243,-2.97,0
1951098.0,-2.0406,0.5555,1.336,9.8785,7.69,-3.218,0
1951148.0,-2.1091,0.5219,0.9912,9.845,5.741,-3.035,0
1951198.0,-2.0939,0.5507,0.9673,9.8402,5.605,-3.203,0
1951248.0,-2.1365,0.5267,1.4078,9.979,8.019,-3.021,0
1951298.0,-2.0613,0.4645,1.2689,9.9311,7.274,-2.678,0
1951348.0,-2.1218,0.4836,1.3408,9.7252,7.84,-2.847,0
1951398.0,-2.1301,0.4836,1.4269,9.8737,8.214,-2.804,0
1951448.0,-2.1631,0.5459,1.4844,9.754,8.64,-3.203,0
1951498.0,-2.0752,0.5124,0.9337,9.8306,5.419,-2.983,0
1951548.0,-2.0613,0.5794,1.1827,9.9168,6.79,-3.344,0
1951598.0,-2.0573,0.5555,1.2354,9.8928,7.107,-3.214,0
1951648.0,-2.0709,0.4932,1.4461,9.8497,8.342,-2.867,0
1951698.0,-2.0183,0.6129,1.3695,9.9311,7.837,-3.532,0
1951748.0,-2.0396,0.5459,1.7095,9.6247,10.056,-3.246,0
1951798.0,-2.0167,0.5746,0.8428,9.8737,4.87,-3.331,0
1951848.0,-2.1138,0.4884,1.1157,9.8641,6.445,-2.835,0
1951898.0,-2.1139,0.5938,1.1492,9.9072,6.605,-3.43,0
1951948.0,-2.0799,0.5698,1.2737,9.8737,7.339,-3.303,0
1951998.0,-2.0645,0.7374,1.4557,9.7636,8.456,-4.319,0
1952048.0,-2.1257,0.5028,1.6472,9.6917,9.633,-2.97,0
1952098.0,-2.1539,0.5698,0.4453,9.8258,2.591,-3.319,0
1952148.0,-2.1706,0.6129,0.8236,9.7252,4.831,-3.606,0
1952198.0,-2.1179,0.4453,0.8667,9.9311,4.983,-2.567,0
1952248.0,-2.0979,0.7087,1.1492,9.8593,6.632,-4.111,0
1952298.0,-2.0818,0.5411,1.1588,9.9072,6.661,-3.126,0
1952348.0,-2.1113,0.5124,1.4509,9.7588,8.445,-3.005,0
1952398.0,-2.1075,0.5938,0.5028,9.9168,2.897,-3.426,0
1952448.0,-2.1688,0.4022,0.838,9.6582,4.954,-2.385,0
1952498.0,-2.1037,0.5938,0.6369,9.8162,3.705,-3.461,0
1952548.0,-2.1159,0.3974,0.996,9.8497,5.769,-2.311,0
1952598.0,-2.1092,0.5746,1.154,9.9264,6.62,-3.313,0
1952648.0,-2.1726,0.5459,1.2546,9.663,7.386,-3.233,0
1952698.0,-2.1265,0.6177,0.4788,9.6582,2.833,-3.659,0
1952748.0,-2.1617,0.3496,0.565,9.7588,3.312,-2.051,0
1952798.0,-2.182,0.4262,0.5746,9.845,3.337,-2.479,0
1952848.0,-2.1806,0.4597,0.6369,9.8402,3.699,-2.675,0
1952898.0,-2.107,0.5602,1.0774,9.9455,6.173,-3.224,0
1952948.0,-2.1539,0.4884,1.1205,9.7109,6.574,-2.879,0
1952998.0,-2.1243,0.5794,0.5076,9.8019,2.959,-3.383,0
1953048.0,-2.1197,0.4501,0.3208,9.8689,1.86,-2.611,0
1953098.0,-2.027,0.5028,0.5124,9.8833,2.964,-2.912,0
1953148.0,-2.0664,0.3879,0.8092,9.8067,4.714,-2.265,0
1953198.0,-2.014,0.4741,0.6512,9.9311,3.747,-2.733,0
1953248.0,-2.0255,0.4741,1.0726,9.7013,6.302,-2.798,0
1953298.0,-2.0105,0.5219,0.565,9.6678,3.34,-3.09,0
1953348.0,-2.1421,0.3065,0.4405,9.596,2.627,-1.829,0
1953398.0,-2.0865,0.3112,0.4549,9.7109,2.681,-1.836,0
1953448.0,-2.138,0.4118,0.5028,9.8162,2.93,-2.402,0
1953498.0,-2.075,0.3496,0.6081,9.6917,3.588,-2.066,0
1953548.0,-2.1716,0.4645,0.7757,9.6965,4.569,-2.742,0
1953598.0,-2.1304,0.5842,0.9146,9.6343,5.413,-3.47,0
1953648.0,-2.1247,0.3735,0.4118,9.6247,2.448,-2.222,0
1953698.0,-2.1214,0.4166,0.5124,9.8067,2.988,-2.432,0
1953748.0,-2.1966,0.3591,0.4549,9.7157,2.679,-2.117,0
1953798.0,-2.1333,0.4836,0.6464,9.821,3.761,-2.819,0
1953848.0,-2.1367,0.4693,0.6608,9.8019,3.852,-2.741,0
1953898.0,-2.1735,0.5555,0.7374,9.6822,4.348,-3.283,0
1953948.0,-2.1807,0.4693,0.4453,9.6199,2.647,-2.793,0
1953998.0,-2.0789,0.2873,0.4693,9.7013,2.768,-1.696,0
1954048.0,-2.0336,0.3448,0.3974,9.7444,2.334,-2.026,0
1954098.0,-2.0694,0.4357,0.3687,9.8354,2.145,-2.537,0
1954148.0,-2.103,0.4884,0.3879,9.754,2.274,-2.867,0
1954198.0,-2.1051,0.3735,0.7709,9.6534,4.563,-2.216,0
1954248.0,-2.2038,0.3448,0.5602,9.754,3.285,-2.024,0
1954298.0,-2.1813,0.2298,0.3974,9.6534,2.357,-1.364,0
1954348.0,-2.1462,0.3735,0.5698,9.7157,3.354,-2.202,0
1954398.0,-2.019,0.3783,0.5507,9.6965,3.248,-2.234,0
1954448.0,-2.0255,0.4118,0.4884,9.7731,2.858,-2.413,0
1954498.0,-1.9983,0.5267,0.7853,9.5098,4.713,-3.17,0
1954548.0,-1.9654,0.3879,0.7757,9.7683,4.537,-2.274,0
1954598.0,-1.984,0.2298,0.5746,9.6486,3.407,-1.365,0
1954648.0,-2.0213,0.3591,0.4405,9.7444,2.587,-2.111,0
1954698.0,-2.0919,0.3783,0.5267,9.8306,3.065,-2.204,0
1954748.0,-2.12,0.3448,0.2251,9.6726,1.332,-2.041,0
1954798.0,-2.137,0.4405,0.5411,9.7013,3.189,-2.6,0
1954848.0,-2.2087,0.431,0.9098,9.8545,5.27,-2.504,0
1954898.0,-2.1122,0.3543,0.6416,9.7205,3.774,-2.088,0
1954948.0,-2.0579,0.3831,0.407,9.6917,2.403,-2.263,0
1954998.0,-2.0732,0.3017,0.3304,9.73,1.944,-1.776,0
1955048.0,-2.1733,0.4597,0.5171,9.6822,3.054,-2.718,0
1955098.0,-2.1474,0.3687,0.4884,9.7588,2.863,-2.164,0
1955148.0,-2.1786,0.3065,0.6895,9.8067,4.02,-1.79,0
1955198.0,-2.1203,0.2921,0.8811,9.6534,5.213,-1.733,0
1955248.0,-2.0989,0.3926,0.5028,9.6822,2.97,-2.322,0
1955298.0,-1.9599,0.3112,0.589,9.6343,3.497,-1.85,0
1955348.0,-2.0091,0.3879,0.4214,9.8593,2.445,-2.253,0
1955398.0,-1.9617,0.3926,0.34,9.5433,2.039,-2.356,0
1955448.0,-2.1011,0.4214,0.5315,9.6869,3.138,-2.491,0
1955498.0,-2.0746,0.2346,0.8906,9.6486,5.272,-1.393,0
1955548.0,-2.1191,0.2634,0.7949,9.6247,4.719,-1.567,0
1955598.0,-2.0451,0.2586,0.6752,9.6869,3.986,-1.529,0
1955648.0,-2.0865,0.4693,0.4549,9.7731,2.662,-2.749,0
1955698.0,-2.1105,0.3017,0.407,9.7396,2.392,-1.774,0
1955748.0,-2.0962,0.3687,0.3448,9.6391,2.047,-2.191,0
1955798.0,-2.1261,0.2729,0.9481,9.6486,5.61,-1.62,0
1955848.0,-2.0475,0.3735,0.6943,9.7588,4.067,-2.192,0
1955898.0,-2.0624,0.2682,0.7901,9.6774,4.666,-1.587,0
1955948.0,-2.1143,0.3448,0.6273,9.6486,3.717,-2.046,0
1955998.0,-2.082,0.3352,0.5794,9.73,3.406,-1.973,0
1956048.0,-2.0713,0.2777,1.0678,9.5912,6.35,-1.659,0
1956098.0,-2.0184,0.2873,0.6991,9.6678,4.134,-1.702,0
1956148.0,-2.0755,0.3017,1.0247,9.7444,6.0,-1.773,0
1956198.0,-2.0742,0.3017,0.838,9.6486,4.961,-1.791,0
1956248.0,-2.0767,0.3448,0.5698,9.7827,3.332,-2.018,0
1956298.0,-1.9773,0.3304,0.565,9.663,3.345,-1.958,0
1956348.0,-2.0282,0.4022,1.1732,9.7013,6.889,-2.374,0
1956398.0,-2.0563,0.3543,0.8859,9.5624,5.289,-2.122,0
1956448.0,-2.0868,0.2682,0.9529,9.6247,5.652,-1.596,0
1956498.0,-2.0356,0.2682,0.8523,9.6917,5.024,-1.585,0
1956548.0,-2.0284,0.3974,0.6895,9.7444,4.044,-2.336,0
1956598.0,-2.0418,0.2873,0.7422,9.6199,4.41,-1.711,0
1956648.0,-1.9919,0.3687,0.7949,9.6295,4.715,-2.193,0
1956698.0,-2.0013,0.3304,0.9912,9.6582,5.856,-1.959,0
1956748.0,-2.093,0.3591,1.0965,9.6917,6.451,-2.122,0
1956798.0,-2.0389,0.3543,1.0726,9.754,6.271,-2.081,0
1956848.0,-2.1216,0.3639,0.8763,9.6774,5.17,-2.154,0
1956898.0,-2.1638,0.2825,0.7135,9.6726,4.217,-1.673,0
1956948.0,-2.1445,0.3831,0.6129,9.6391,3.635,-2.276,0
1956998.0,-2.0701,0.3304,1.087,9.6391,6.43,-1.963,0
1957048.0,-2.0861,0.3352,1.0774,9.7923,6.275,-1.96,0
1957098.0,-2.077,0.2394,1.087,9.6343,6.435,-1.424,0
1957148.0,-2.0048,0.2729,0.9912,9.6151,5.883,-1.626,0
1957198.0,-1.9982,0.2921,0.8475,9.7157,4.983,-1.722,0
1957248.0,-2.0801,0.2969,0.6895,9.7348,4.05,-1.747,0
1957298.0,-1.9772,0.3017,1.063,9.6678,6.272,-1.787,0
1957348.0,-2.0496,0.3735,1.1061,9.7157,6.49,-2.202,0
1957398.0,-2.0454,0.2107,1.1684,9.5864,6.947,-1.259,0
1957448.0,-2.0467,0.3831,0.929,9.7157,5.457,-2.258,0
1957498.0,-2.0365,0.2538,0.8715,9.663,5.152,-1.504,0
1957548.0,-2.0104,0.3112,0.6129,9.6534,3.631,-1.847,0
1957598.0,-2.1257,0.316,1.0247,9.6343,6.068,-1.879,0
1957648.0,-2.2094,0.3448,1.3455,9.6343,7.946,-2.049,0
1957698.0,-2.074,0.2777,1.1109,9.6869,6.54,-1.642,0
1957748.0,-2.1936,0.4022,1.154,9.7731,6.729,-2.357,0
1957798.0,-2.124,0.2873,0.8284,9.6582,4.9,-1.704,0
1957848.0,-2.0772,0.3065,0.9002,9.7492,5.273,-1.8,0
1957898.0,-2.0562,0.2394,0.7422,9.8019,4.329,-1.399,0
1957948.0,-2.063,0.3208,1.2067,9.8497,6.981,-1.866,0
1957998.0,-2.1028,0.3017,1.0726,9.7013,6.306,-1.781,0
1958048.0,-2.0899,0.3543,1.0822,9.7588,6.324,-2.08,0
1958098.0,-2.0416,0.2251,0.9529,9.6103,5.661,-1.342,0
1958148.0,-2.0705,0.3974,0.9529,9.7492,5.578,-2.334,0
1958198.0,-2.1075,0.2155,0.7901,9.7109,4.65,-1.271,0
1958248.0,-2.116,0.2107,1.245,9.6007,7.387,-1.257,0
1958298.0,-2.1696,0.2059,1.0822,9.5672,6.452,-1.233,0
1958348.0,-2.1145,0.3496,1.1636,9.7157,6.825,-2.061,0
1958398.0,-2.0755,0.158,1.0918,9.596,6.49,-0.943,0
1958448.0,-2.0495,0.3831,0.7566,9.6678,4.471,-2.269,0
1958498.0,-2.1121,0.2634,0.9002,9.6151,5.347,-1.569,0
1958548.0,-2.1614,0.2059,1.0487,9.6486,6.201,-1.223,0
1958598.0,-2.074,0.182,0.8236,9.6869,4.859,-1.076,0
1958648.0,-1.9752,0.3065,1.1157,9.663,6.583,-1.817,0
1958698.0,-1.981,0.3017,1.1684,9.6822,6.877,-1.785,0
1958748.0,-1.9999,0.4022,1.1061,9.6965,6.502,-2.375,0
1958798.0,-1.9965,0.2011,0.747,9.7348,4.387,-1.184,0
1958848.0,-1.9678,0.1772,0.8811,9.6774,5.201,-1.049,0
1958898.0,-2.0607,0.1915,0.9433,9.6007,5.61,-1.143,0
1958948.0,-2.0865,0.2155,1.1827,9.6295,7.001,-1.282,0
1958998.0,-2.0643,0.2586,1.0487,9.6965,6.17,-1.528,0
1959048.0,-2.1196,0.34,0.9337,9.7013,5.494,-2.007,0
1959098.0,-2.223,0.2155,0.5363,9.6007,3.196,-1.286,0
1959148.0,-2.1783,0.2442,0.9433,9.7492,5.525,-1.435,0
1959198.0,-2.1041,0.2825,0.7757,9.7636,4.541,-1.657,0
1959248.0,-2.099,0.2634,1.1205,9.6774,6.602,-1.559,0
1959298.0,-2.1494,0.2155,1.1636,9.7061,6.834,-1.272,0
1959348.0,-2.1494,0.3926,1.2115,9.7827,7.054,-2.298,0
1959398.0,-2.098,0.2059,1.1205,9.73,6.568,-1.212,0
1959448.0,-2.0516,0.4118,0.9481,9.7109,5.571,-2.428,0
1959498.0,-2.0228,0.2777,0.6943,9.7205,4.084,-1.637,0
1959548.0,-2.1098,0.2634,1.1827,9.6774,6.965,-1.559,0
1959598.0,-2.1448,0.2059,0.9912,9.6917,5.838,-1.217,0
1959648.0,-2.1407,0.2729,1.2498,9.6103,7.406,-1.627,0
1959698.0,-2.1081,0.2586,1.2785,9.572,7.605,-1.547,0
1959748.0,-2.0945,0.2538,0.8236,9.7252,4.839,-1.495,0
1959798.0,-2.1838,0.2442,1.0822,9.7923,6.304,-1.429,0
1959848.0,-2.1655,0.2346,1.2689,9.7157,7.439,-1.383,0
1959898.0,-2.223,0.2059,1.0343,9.7588,6.049,-1.209,0
1959948.0,-2.1938,0.2298,1.2689,9.5289,7.583,-1.382,0
1959998.0,-2.1418,0.2873,1.0678,9.6486,6.312,-1.706,0
1960048.0,-2.1291,0.3017,0.747,9.7827,4.364,-1.766,0
1960098.0,-2.0218,0.1437,0.7278,9.7588,4.265,-0.843,0
1960148.0,-1.981,0.2442,1.1205,9.6438,6.625,-1.451,0
1960198.0,-2.0478,0.2011,0.9912,9.6726,5.85,-1.191,0
1960248.0,-2.1871,0.2873,1.1923,9.6726,7.024,-1.701,0
1960298.0,-2.2143,0.2586,1.1061,9.6774,6.518,-1.531,0
1960348.0,-2.2287,0.3735,0.6129,9.7588,3.591,-2.192,0
1960398.0,-2.2267,0.091,0.6033,9.6917,3.562,-0.538,0
1960448.0,-2.2723,0.2251,1.0104,9.7396,5.921,-1.324,0
1960498.0,-2.2401,0.2538,0.9768,9.6678,5.768,-1.504,0
1960548.0,-2.242,0.3304,1.1444,9.7827,6.669,-1.934,0
1960598.0,-2.2092,0.1867,1.0678,9.6343,6.323,-1.11,0
1960648.0,-2.2167,0.3112,0.6704,9.6726,3.963,-1.843,0
1960698.0,-2.1579,0.182,0.6273,9.7252,3.69,-1.072,0
1960748.0,-2.1472,0.2203,0.8475,9.7636,4.96,-1.292,0
1960798.0,-2.1854,0.1628,0.996,9.6391,5.899,-0.968,0
1960848.0,-2.1121,0.2825,1.1444,9.663,6.751,-1.675,0
1960898.0,-2.0695,0.3017,1.1444,9.8258,6.64,-1.759,0
1960948.0,-2.1884,0.3879,0.5746,9.7444,3.372,-2.279,0
1960998.0,-2.1515,0.2203,0.5076,9.7875,2.968,-1.289,0
1961048.0,-2.1467,0.1149,0.7661,9.7205,4.506,-0.677,0
1961098.0,-2.1418,0.1963,0.68,9.5912,4.054,-1.173,0
1961148.0,-2.1428,0.2203,1.2163,9.7492,7.109,-1.294,0
1961198.0,-2.1621,0.2298,0.9768,9.5912,5.814,-1.373,0
1961248.0,-2.1855,0.3208,1.221,9.7348,7.145,-1.888,0
1961298.0,-2.0943,0.1915,0.4405,9.7109,2.597,-1.13,0
1961348.0,-2.046,0.1293,0.8284,9.6822,4.89,-0.765,0
1961398.0,-2.056,0.1628,0.6369,9.6774,3.765,-0.964,0
1961448.0,-2.0801,0.249,1.0965,9.754,6.412,-1.462,0
1961498.0,-2.1349,0.2059,1.0295,9.7971,5.997,-1.204,0
1961548.0,-2.0881,0.3687,0.5602,9.6822,3.309,-2.181,0
1961598.0,-2.0071,0.0862,0.3783,9.6869,2.236,-0.51,0
1961648.0,-2.0209,0.0527,0.6129,9.6486,3.635,-0.313,0
1961698.0,-2.0774,0.1867,0.6416,9.7348,3.77,-1.099,0
1961748.0,-2.039,0.3304,0.972,9.6965,5.721,-1.952,0
1961798.0,-2.0732,0.2251,0.8906,9.754,5.216,-1.322,0
1961848.0,-2.1052,0.3304,1.0774,9.6965,6.337,-1.952,0
1961898.0,-2.0932,0.2682,0.3017,9.8067,1.761,-1.566,0
1961948.0,0.4601,-0.0622,0.5602,9.6199,3.333,0.371,0
1961998.0,-2.1552,0.182,0.6033,9.73,3.548,-1.071,0
1962048.0,-2.1885,0.2059,0.9864,9.7636,5.768,-1.208,0
1962098.0,-2.1641,0.2059,0.9194,9.6391,5.447,-1.224,0
1962148.0,-2.1427,0.2442,1.154,9.8258,6.696,-1.424,0
1962198.0,-2.036,0.1772,0.5124,9.7013,3.023,-1.046,0
1962248.0,-2.1455,0.0048,0.4166,9.6822,2.464,-0.028,0
1962298.0,-2.2513,0.2729,0.5411,9.7109,3.188,-1.61,0
1962348.0,-2.2309,0.1676,0.7326,9.7779,4.284,-0.982,0
1962398.0,-2.3091,0.1628,0.6752,9.7157,3.975,-0.96,0
1962448.0,-2.2328,0.2298,0.2825,9.8258,1.646,-1.34,0
1962498.0,-2.0957,0.091,0.3352,9.7396,1.971,-0.535,0
1962548.0,-2.1478,0.0239,0.431,9.6822,2.549,-0.142,0
1962598.0,-2.1111,0.1532,0.5076,9.6917,2.998,-0.906,0
1962648.0,-2.2194,0.0958,0.68,9.7205,4.001,-0.564,0
1962698.0,-2.1797,0.0814,0.9529,9.6726,5.626,-0.482,0
1962748.0,-2.1004,0.2107,0.4836,9.7013,2.853,-1.244,0
1962798.0,-2.0749,0.2203,0.4836,9.7252,2.846,-1.297,0
1962848.0,-2.0221,0.0048,0.2346,9.7252,1.382,-0.028,0
1962898.0,-2.0451,0.2538,0.2777,9.7396,1.633,-1.493,0
1962948.0,-2.1549,0.0335,0.6512,9.7061,3.838,-0.198,0
1962998.0,-2.0742,0.1628,0.5938,9.6774,3.511,-0.964,0
1963048.0,-2.0421,0.1437,0.929,9.8593,5.382,-0.835,0
1963098.0,-2.0123,0.1628,0.2777,9.7731,1.628,-0.954,0
1963148.0,-2.0494,0.2059,0.3448,9.7827,2.018,-1.206,0
1963198.0,-2.1733,0.1245,0.407,9.7683,2.386,-0.73,0
1963248.0,-2.3353,0.0958,0.6081,9.7971,3.552,-0.56,0
1963298.0,-2.3969,0.2155,0.6177,9.7779,3.614,-1.262,0
1963348.0,-2.3577,0.1532,0.5794,9.7971,3.384,-0.896,0
1963398.0,-2.2505,0.1101,0.7661,9.7252,4.504,-0.649,0
1963448.0,-2.1862,0.0,0.5076,9.6726,3.004,0.0,0
1963498.0,-2.1587,0.1963,0.3017,9.7252,1.776,-1.156,0
1963548.0,-2.1858,0.091,0.316,9.845,1.839,-0.529,0
1963598.0,-2.1677,0.1867,0.5028,9.663,2.978,-1.107,0
1963648.0,-2.183,0.0958,0.6608,9.821,3.849,-0.559,0
1963698.0,-2.1102,0.1915,0.5411,9.845,3.145,-1.115,0
1963748.0,-2.1306,0.1197,0.4645,9.73,2.733,-0.705,0
1963798.0,-2.1516,0.0766,0.3591,9.6678,2.127,-0.454,0
1963848.0,-2.1329,-0.0239,0.4022,9.7683,2.358,0.14,0
1963898.0,-2.1896,0.1628,0.5028,9.6774,2.974,-0.964,0
1963948.0,-2.1882,0.1293,0.5555,9.7588,3.257,-0.759,0
1963998.0,-2.0715,0.2011,0.6225,9.8689,3.608,-1.167,0
1964048.0,-2.0301,-0.0144,0.5028,9.7205,2.961,0.085,0
1964098.0,-2.1498,0.067,0.3352,9.7779,1.963,-0.393,0
1964148.0,-2.2308,-0.0335,0.5171,9.7252,3.044,0.197,0
1964198.0,-2.181,0.1532,0.3687,9.6917,2.178,-0.906,0
1964248.0,-2.1681,0.0814,0.6464,9.7923,3.777,-0.476,0
1964298.0,-2.164,0.158,0.6704,9.7588,3.929,-0.928,0
1964348.0,-2.0301,0.0383,0.4501,9.8785,2.609,-0.222,0
1964398.0,-1.9906,0.0479,0.4118,9.7348,2.422,-0.282,0
1964448.0,-2.0355,0.0192,0.4453,9.7061,2.627,-0.113,0
1964498.0,-2.1565,0.1532,0.3112,9.821,1.815,-0.894,0
1964548.0,-2.2411,0.2586,0.6656,9.8881,3.85,-1.498,0
1964598.0,-2.1536,0.091,0.7278,9.845,4.228,-0.529,0
1964648.0,-2.1223,0.1101,0.6225,9.8306,3.623,-0.642,0
1964698.0,-2.0641,0.1389,0.498,9.8593,2.891,-0.807,0
1964748.0,-2.067,-0.0287,0.3735,9.8019,2.182,0.168,0
1964798.0,-2.1048,0.0622,0.4501,9.6438,2.672,-0.37,0
1964848.0,-2.1284,0.0862,0.4022,9.8019,2.35,-0.504,0
1964898.0,-2.1108,0.0192,0.9385,9.845,5.446,-0.111,0
1964948.0,-2.1451,0.0527,0.6033,9.7779,3.531,-0.309,0
1964998.0,-2.1973,0.1724,0.5219,9.8402,3.036,-1.004,0
1965048.0,-2.1569,-0.0048,0.6129,9.7636,3.592,0.028,0
1965098.0,-2.1252,0.0239,0.4166,9.6965,2.46,-0.141,0
1965148.0,-2.039,0.0575,0.3879,9.821,2.262,-0.335,0
1965198.0,-2.0523,0.2011,0.8619,9.8497,5.0,-1.17,0
1965248.0,-2.1379,0.0814,0.6704,9.754,3.932,-0.478,0
1965298.0,-2.0942,0.0527,0.5555,9.8067,3.242,-0.308,0
1965348.0,-1.9121,0.0431,0.3065,9.8258,1.786,-0.251,0
1965398.0,-1.9333,0.1484,0.3256,9.6726,1.928,-0.879,0
1965448.0,-2.0638,-0.0431,0.407,9.8928,2.356,0.25,0
1965498.0,-2.1879,0.182,0.8715,9.8833,5.038,-1.055,0
1965548.0,-2.2855,0.2155,0.7757,9.9024,4.478,-1.247,0
1965598.0,-2.3153,0.1867,0.723,9.7971,4.22,-1.092,0
1965648.0,-2.2427,-0.0239,0.3926,9.7013,2.318,0.141,0
1965698.0,-2.2037,0.0431,0.3735,9.6726,2.211,-0.255,0
1965748.0,-2.223,0.0335,0.4022,9.9503,2.315,-0.193,0
1965798.0,-2.3006,0.1389,1.1396,9.8976,6.568,-0.804,0
1965848.0,-2.3136,0.1628,0.6847,9.7971,3.997,-0.952,0
1965898.0,-2.1895,0.1101,0.9002,9.7636,5.268,-0.646,0
1965948.0,-2.1153,0.0622,0.4645,9.7923,2.716,-0.364,0
1965998.0,-2.0763,0.1532,0.5219,9.7683,3.058,-0.899,0
1966048.0,-2.1399,-0.0287,0.3687,9.6869,2.18,0.17,0
1966098.0,-2.0803,0.0287,0.2394,9.8306,1.395,-0.167,0
1966148.0,-2.0296,0.1963,1.0104,9.9072,5.822,-1.135,0
1966198.0,-1.9963,0.0144,0.7805,9.8019,4.553,-0.084,0
1966248.0,-1.9824,0.1532,0.6752,9.8833,3.908,-0.888,0
1966298.0,-1.9769,0.1149,0.5507,9.8067,3.214,-0.671,0
1966348.0,-2.0484,0.0335,0.4022,9.7971,2.351,-0.196,0
1966398.0,-2.1191,0.1867,1.4222,9.9551,8.129,-1.075,0
1966448.0,-2.0974,0.0958,1.0965,9.9359,6.297,-0.552,0
1966498.0,-2.0719,0.2921,0.8811,9.8928,5.087,-1.691,0
1966548.0,-2.0577,0.0958,0.7087,9.7252,4.168,-0.564,0
1966598.0,-2.0984,0.1197,0.6608,9.7683,3.87,-0.702,0
1966648.0,-2.0706,0.1197,0.4788,9.8019,2.797,-0.7,0
1966698.0,-2.0955,0.0,0.2729,9.8114,1.593,0.0,0
1966748.0,-2.1201,0.0144,1.1492,9.8785,6.636,-0.083,0
1966798.0,-2.0342,0.2873,1.1588,9.9024,6.672,-1.662,0
1966848.0,-2.0367,0.0431,1.0439,9.8881,6.026,-0.25,0
1966898.0,-2.1295,-0.0479,0.7039,9.6774,4.16,0.283,0
1966948.0,-2.0916,0.0192,0.5363,9.6151,3.192,-0.114,0
1966998.0,-2.0797,0.0479,1.4748,9.9599,8.423,-0.275,0
1967048.0,-1.9684,0.3639,1.3647,9.9455,7.808,-2.096,0
1967098.0,-2.0383,0.1915,1.2833,9.845,7.425,-1.115,0
1967148.0,-2.1248,0.2251,0.996,9.8354,5.781,-1.311,0
1967198.0,-2.1145,0.1101,0.7997,9.7588,4.684,-0.647,0
1967248.0,-2.0928,0.1293,0.4932,9.7923,2.883,-0.756,0
1967298.0,-2.0793,0.0383,1.5179,9.9742,8.653,-0.22,0
1967348.0,-2.0105,0.0192,1.3264,10.0078,7.55,-0.11,0
1967398.0,-2.0194,0.2011,1.3216,9.7923,7.685,-1.177,0
1967448.0,-2.0813,0.2346,1.1205,9.7779,6.535,-1.375,0
1967498.0,-2.1702,0.1724,1.0965,9.9024,6.318,-0.997,0
1967548.0,-2.2258,0.1772,0.8284,9.8689,4.797,-1.028,0
1967598.0,-2.2445,0.1676,1.3695,9.9024,7.873,-0.97,0
1967648.0,-2.1603,0.3304,1.3838,9.9407,7.921,-1.904,0
1967698.0,-2.0929,0.2155,1.5083,9.8833,8.675,-1.249,0
1967748.0,-2.0821,0.2394,1.3408,9.8737,7.731,-1.389,0
1967798.0,-2.1533,0.1389,1.0199,9.7492,5.972,-0.816,0
1967848.0,-2.1521,0.1484,0.8284,10.0652,4.704,-0.845,0
1967898.0,-2.0906,0.0622,1.3982,9.9072,8.033,-0.36,0
1967948.0,-2.0542,0.4214,1.4126,9.9311,8.088,-2.43,0
1967998.0,-2.0948,0.1293,1.494,9.9264,8.558,-0.746,0
1968048.0,-2.0854,0.3496,1.245,9.9168,7.151,-2.019,0
1968098.0,-2.199,0.0527,1.2258,9.8114,7.121,-0.308,0
1968148.0,-2.1735,0.2107,0.9146,9.8354,5.311,-1.227,0
1968198.0,-2.1139,0.1245,0.8188,9.8881,4.733,-0.721,0
1968248.0,-2.0275,0.3783,1.5514,9.9647,8.843,-2.174,0
1968298.0,-2.0763,0.2969,1.4653,9.9551,8.369,-1.708,0
1968348.0,-2.1287,0.3304,1.1923,9.9168,6.852,-1.908,0
1968398.0,-2.1397,0.2538,1.494,9.8497,8.622,-1.476,0
1968448.0,-2.2692,0.2251,1.0439,9.9072,6.013,-1.301,0
1968498.0,-2.2837,0.1437,1.3408,9.9503,7.673,-0.827,0
1968548.0,-2.2462,0.1532,1.4413,10.0126,8.191,-0.877,0
1968598.0,-2.2343,0.2346,1.4413,9.9072,8.275,-1.357,0
1968648.0,-2.1898,0.3017,1.4892,9.9934,8.472,-1.729,0
1968698.0,-2.2295,0.2969,1.4126,10.003,8.034,-1.7,0
1968748.0,-2.1521,0.2873,1.2258,9.9311,7.034,-1.657,0
1968798.0,-2.2106,0.091,1.0343,9.9455,5.937,-0.524,0
1968848.0,-2.1228,0.1724,1.4365,9.9695,8.198,-0.991,0
1968898.0,-2.174,0.2729,1.47,9.9695,8.385,-1.568,0
1968948.0,-2.1462,0.2251,1.403,9.8258,8.124,-1.312,0
1968998.0,-2.1095,0.2634,1.4748,9.9695,8.412,-1.513,0
1969048.0,-1.9925,0.3304,1.2785,9.9503,7.318,-1.902,0
1969098.0,-2.0582,0.1245,1.4126,9.9264,8.099,-0.719,0
1969148.0,-2.0695,0.182,1.3599,9.9216,7.803,-1.051,0
1969198.0,-2.1129,0.2729,1.652,9.9934,9.383,-1.564,0
1969248.0,-2.0325,0.4022,1.4413,10.003,8.193,-2.303,0
1969298.0,-2.1599,0.1724,1.5323,9.8258,8.862,-1.005,0
1969348.0,-2.1882,0.2155,1.3503,9.8258,7.823,-1.256,0
1969398.0,-2.2596,0.1915,1.0487,10.0509,5.955,-1.092,0
1969448.0,-2.2379,0.2107,1.2354,9.8162,7.172,-1.23,0
1969498.0,-2.2062,0.2729,1.3168,9.9311,7.55,-1.574,0
1969548.0,-2.155,0.2777,1.5275,9.9216,8.749,-1.603,0
1969598.0,-2.1254,0.2011,1.4748,9.9264,8.449,-1.161,0
1969648.0,-2.1,0.3639,1.336,9.9455,7.646,-2.096,0
1969698.0,-2.1509,0.1245,1.4269,9.9168,8.188,-0.719,0
1969748.0,-2.1974,0.2155,1.2737,9.9934,7.262,-1.235,0
1969798.0,-2.2356,0.2729,1.3934,9.9072,8.003,-1.578,0
1969848.0,-2.1596,0.2969,1.4605,9.912,8.378,-1.716,0
1969898.0,-2.1464,0.2107,1.4509,9.8785,8.354,-1.222,0
1969948.0,-2.1149,0.4501,1.4988,9.8928,8.606,-2.605,0
1969998.0,-2.083,0.2346,1.2498,10.0604,7.079,-1.336,0
1970048.0,-2.1159,0.2011,1.0918,10.0461,6.201,-1.147,0
1970098.0,-2.1313,0.249,1.1396,9.9264,6.547,-1.437,0
1970148.0,-2.0523,0.3496,1.2785,9.9599,7.31,-2.01,0
1970198.0,-2.0513,0.182,1.5036,9.8928,8.64,-1.054,0
1970248.0,-2.046,0.3687,1.5706,9.912,8.998,-2.13,0
1970298.0,-2.0624,0.2394,1.5802,9.8641,9.098,-1.39,0
1970348.0,-2.0209,0.3543,0.972,9.8258,5.646,-2.065,0
1970398.0,-2.0393,0.1915,1.1301,9.8976,6.512,-1.109,0
1970448.0,-2.0529,0.3687,1.403,9.9264,8.039,-2.127,0
1970498.0,-2.0647,0.2969,1.4557,9.9742,8.3,-1.705,0
1970548.0,-2.0494,0.3783,1.3503,9.8976,7.763,-2.189,0
1970598.0,-2.1313,0.182,1.6376,9.9838,9.314,-1.044,0
1970648.0,-2.0688,0.3591,1.3838,9.8976,7.954,-2.078,0
1970698.0,-2.1763,0.2921,1.0678,10.0461,6.065,-1.665,0
1970748.0,-2.1465,0.3112,1.4365,9.8881,8.262,-1.803,0
1970798.0,-2.1424,0.249,1.3695,9.9168,7.86,-1.438,0
1970848.0,-2.0606,0.4262,1.3551,10.0652,7.661,-2.424,0
1970898.0,-2.0677,0.1532,1.403,9.9359,8.036,-0.884,0
1970948.0,-1.9664,0.2969,0.6656,9.8689,3.857,-1.723,0
1970998.0,-2.056,0.2394,1.0199,9.9024,5.879,-1.385,0
1971048.0,-2.0662,0.3974,1.0965,10.0365,6.23,-2.268,0
1971098.0,-2.0001,0.3639,1.2019,9.9982,6.85,-2.085,0
1971148.0,-1.9508,0.4118,1.3647,10.0221,7.748,-2.353,0
1971198.0,-2.0654,0.1484,1.5275,9.9311,8.743,-0.856,0
1971248.0,-2.0733,0.3112,1.3982,9.979,7.972,-1.786,0
1971298.0,-2.0898,0.2251,0.8523,9.9455,4.897,-1.296,0
1971348.0,-2.106,0.3831,1.1061,9.9024,6.369,-2.215,0
1971398.0,-2.1623,0.1724,1.0726,9.8306,6.226,-1.005,0
1971448.0,-2.0604,0.3735,1.3072,9.8928,7.522,-2.162,0
1971498.0,-2.1118,0.2346,1.3312,9.8737,7.676,-1.361,0
1971548.0,-2.0684,0.34,1.4222,9.7923,8.259,-1.988,0
1971598.0,-2.0926,0.2777,0.7997,9.9264,4.604,-1.603,0
1971648.0,-2.0173,0.3687,0.9194,9.9311,5.285,-2.126,0
1971698.0,-2.0067,0.2538,1.1923,9.9359,6.841,-1.463,0
1971748.0,-1.9298,0.3208,1.2929,9.8785,7.452,-1.86,0
1971798.0,-1.9718,0.1963,1.4126,9.9024,8.117,-1.136,0
1971848.0,-1.9132,0.4405,0.7039,9.7636,4.119,-2.583,0
1971898.0,-1.9845,0.4022,0.7757,10.094,4.391,-2.282,0
1971948.0,-1.9691,0.3735,0.8906,10.0365,5.068,-2.131,0
1971998.0,-1.9967,0.3017,0.9194,9.9838,5.259,-1.731,0
1972048.0,-1.9447,0.3112,1.2354,9.8737,7.128,-1.806,0
1972098.0,-2.0938,0.2634,1.2067,9.8928,6.952,-1.525,0
1972148.0,-2.0755,0.3926,0.7853,9.9072,4.529,-2.27,0
1972198.0,-2.1065,0.3256,0.656,9.9407,3.774,-1.876,0
1972248.0,-2.1268,0.2777,0.8715,9.8785,5.04,-1.61,0
1972298.0,-2.1149,0.316,1.0678,9.9503,6.122,-1.819,0
1972348.0,-2.0872,0.3735,1.0678,9.912,6.144,-2.158,0
1972398.0,-2.1765,0.34,1.1157,10.0221,6.349,-1.943,0
1972448.0,-2.1424,0.3783,1.4222,10.0269,8.067,-2.161,0
1972498.0,-2.1906,0.3591,0.6416,9.9551,3.685,-2.066,0
1972548.0,-2.1394,0.2682,0.838,9.8545,4.859,-1.559,0
1972598.0,-2.1603,0.3256,0.7039,9.9311,4.052,-1.878,0
1972648.0,-2.1054,0.3304,1.0247,9.9695,5.865,-1.898,0
1972698.0,-2.1787,0.316,1.1253,9.9886,6.424,-1.812,0
1972748.0,-2.1123,0.316,1.1349,9.8737,6.553,-1.833,0
1972798.0,-2.105,0.3687,0.6943,9.8258,4.039,-2.149,0
1972848.0,-2.107,0.2682,0.929,9.845,5.388,-1.56,0
1972898.0,-2.1818,0.2825,0.7566,9.8976,4.369,-1.635,0
1972948.0,-2.1074,0.2825,0.9337,9.8881,5.392,-1.637,0
1972998.0,-2.1342,0.2825,0.9768,9.9551,5.602,-1.626,0
1973048.0,-2.0228,0.3496,1.154,9.9168,6.634,-2.019,0
1973098.0,-2.0502,0.2921,0.656,9.8689,3.801,-1.695,0
1973148.0,-2.056,0.2921,0.6847,9.8737,3.965,-1.694,0
1973198.0,-2.1579,0.3926,0.656,9.9934,3.753,-2.25,0
1973248.0,-2.1251,0.34,0.7374,9.9455,4.238,-1.958,0
1973298.0,-2.0928,0.3208,0.8332,9.9647,4.777,-1.844,0
1973348.0,-2.0543,0.3783,1.0056,9.912,5.789,-2.186,0
1973398.0,-2.1421,0.3879,0.7997,9.9168,4.607,-2.24,0
1973448.0,-2.1782,0.1724,0.7566,9.7683,4.428,-1.011,0
1973498.0,-2.2058,0.2298,0.5698,9.7492,3.344,-1.351,0
1973548.0,-2.1712,0.2921,0.7518,9.9168,4.333,-1.687,0
1973598.0,-2.1957,0.3208,0.8859,9.9168,5.102,-1.853,0
1973648.0,-2.135,0.2969,1.0056,9.8593,5.821,-1.725,0
1973698.0,-2.0851,0.2729,1.0295,9.821,5.982,-1.592,0
1973748.0,-1.9991,0.2873,0.7997,9.9168,4.608,-1.659,0
1973798.0,-2.0835,0.2442,0.6991,9.845,4.061,-1.421,0
1973848.0,-2.0535,0.2873,0.7087,9.8976,4.094,-1.663,0
1973898.0,-2.0695,0.2682,0.656,9.9216,3.781,-1.548,0
1973948.0,-2.1149,0.2634,1.2498,9.9311,7.17,-1.519,0
1973998.0,-2.1678,0.3352,0.8954,9.7971,5.219,-1.96,0
1974048.0,-2.0793,0.2346,1.0391,9.7683,6.07,-1.376,0
1974098.0,-2.1645,0.4453,0.7518,9.9503,4.316,-2.563,0
1974148.0,-2.1687,0.3926,0.8667,9.979,4.96,-2.253,0
1974198.0,-2.2189,0.2729,0.7614,9.8928,4.399,-1.58,0
1974248.0,-2.1732,0.2586,0.9337,9.8976,5.387,-1.497,0
1974298.0,-2.1909,0.3017,1.0965,9.8689,6.337,-1.751,0
1974348.0,-2.1315,0.316,1.0439,9.9216,6.003,-1.824,0
1974398.0,-2.1807,0.4453,0.9194,9.9264,5.286,-2.569,0
1974448.0,-2.1838,0.249,0.7326,9.8306,4.261,-1.451,0
1974498.0,-2.2426,0.3735,0.8715,9.9168,5.019,-2.157,0
1974548.0,-2.202,0.2203,0.7805,9.7731,4.565,-1.291,0
1974598.0,-2.1279,0.3208,0.6369,9.9264,3.669,-1.851,0
1974648.0,-1.9963,0.3208,1.1492,9.9168,6.607,-1.853,0
1974698.0,-2.1082,0.431,0.9098,9.8306,5.282,-2.51,0
1974748.0,-2.0916,0.2586,0.9816,9.9168,5.651,-1.494,0
1974798.0,-2.1363,0.3974,0.8619,9.912,4.966,-2.296,0
1974848.0,-2.0862,0.4118,0.7949,9.9599,4.559,-2.368,0
1974898.0,-2.0888,0.3256,1.47,9.8881,8.452,-1.886,0
1974948.0,-2.0539,0.4022,1.0534,9.7875,6.138,-2.353,0
1974998.0,-2.162,0.3831,1.1875,9.9072,6.83,-2.214,0
1975048.0,-2.1041,0.3256,0.9768,9.9168,5.623,-1.881,0
1975098.0,-2.146,0.3591,0.8428,9.9024,4.861,-2.077,0
1975148.0,-2.0733,0.3352,0.8859,10.0173,5.051,-1.916,0
1975198.0,-2.153,0.3591,1.5036,9.8833,8.645,-2.081,0
1975248.0,-2.1258,0.2777,1.2354,9.9455,7.078,-1.6,0
1975298.0,-2.2227,0.4788,1.1636,9.8354,6.739,-2.787,0
1975348.0,-2.1938,0.3256,0.929,9.8162,5.403,-1.9,0
1975398.0,-2.1434,0.3304,0.9194,9.8114,5.35,-1.929,0
1975448.0,-2.0878,0.2729,0.9146,9.9072,5.272,-1.578,0
1975498.0,-2.1699,0.3448,1.4892,9.8881,8.56,-1.997,0
1975548.0,-2.0559,0.4741,1.2737,9.9072,7.318,-2.739,0
1975598.0,-2.0732,0.5363,1.2115,9.9264,6.948,-3.093,0
1975648.0,-2.1443,0.3639,1.1684,9.8785,6.741,-2.11,0
1975698.0,-2.3143,0.4453,0.9481,9.9072,5.461,-2.574,0
1975748.0,-2.1979,0.2682,0.8859,9.8402,5.142,-1.561,0
1975798.0,-2.2004,0.3735,0.747,9.9168,4.305,-2.157,0
1975848.0,-2.1322,0.3783,1.4509,9.8881,8.341,-2.191,0
1975898.0,-2.1321,0.6033,1.3647,9.9455,7.799,-3.472,0
1975948.0,-2.1156,0.4262,1.1061,9.845,6.405,-2.479,0
1975998.0,-2.1434,0.4549,1.0965,9.8258,6.361,-2.651,0
1976048.0,-2.0645,0.3448,1.0439,9.9311,5.997,-1.988,0
1976098.0,-2.1448,0.3543,1.6376,9.8641,9.42,-2.057,0
1976148.0,-2.0946,0.4932,1.5514,9.9838,8.822,-2.828,0
1976198.0,-2.225,0.5602,1.494,9.9024,8.566,-3.238,0
1976248.0,-2.1468,0.4788,1.3264,9.9311,7.599,-2.76,0
1976298.0,-2.1827,0.4262,1.1396,9.845,6.597,-2.479,0
1976348.0,-2.0623,0.4214,1.1061,9.9407,6.344,-2.427,0
1976398.0,-2.007,0.498,0.838,10.0413,4.765,-2.839,0
1976448.0,-1.9506,0.2346,1.4892,9.9455,8.514,-1.351,0
1976498.0,-1.9965,0.5076,1.4988,9.8306,8.657,-2.956,0
1976548.0,-2.0461,0.5698,1.1827,9.9407,6.774,-3.281,0
1976598.0,-2.1201,0.5028,1.3072,9.9503,7.475,-2.893,0
1976648.0,-2.0908,0.4118,1.087,9.8258,6.307,-2.4,0
1976698.0,-2.1384,0.4118,0.9481,10.0317,5.395,-2.351,0
1976748.0,-2.1674,0.3304,1.4222,9.9599,8.122,-1.9,0
1976798.0,-2.1972,0.6991,1.585,9.9168,9.058,-4.033,0
1976848.0,-2.0767,0.5124,1.5227,9.8976,8.735,-2.963,0
1976898.0,-2.0529,0.6177,1.403,9.9503,8.011,-3.552,0
1976948.0,-1.9817,0.3974,1.1157,9.9072,6.42,-2.297,0
1976998.0,-2.107,0.5746,1.154,9.8833,6.649,-3.327,0
1977048.0,-2.1281,0.6225,1.3408,9.8593,7.729,-3.613,0
1977098.0,-2.204,0.5411,1.4605,9.8785,8.397,-3.135,0
1977148.0,-2.1166,0.5315,1.47,9.912,8.424,-3.069,0
1977198.0,-2.2322,0.6273,1.5562,9.9742,8.851,-3.599,0
1977248.0,-2.1363,0.4166,1.1205,9.8497,6.484,-2.422,0
1977298.0,-2.2268,0.4597,1.1684,9.8114,6.784,-2.682,0
1977348.0,-2.143,0.6177,1.4174,9.912,8.122,-3.566,0
1977398.0,-2.121,0.5842,1.6041,9.8402,9.243,-3.398,0
1977448.0,-2.0418,0.5315,1.5323,9.8641,8.817,-3.084,0
1977498.0,-2.1209,0.5219,1.5083,9.9024,8.649,-3.017,0
1977548.0,-2.0644,0.498,1.4317,9.8976,8.221,-2.88,0
1977598.0,-2.1374,0.4836,1.3408,9.8976,7.705,-2.797,0
1977648.0,-2.1174,0.34,1.0391,9.9024,5.987,-1.966,0
1977698.0,-2.1913,0.6369,1.5275,9.912,8.743,-3.676,0
1977748.0,-2.1281,0.6225,1.4174,10.0269,8.031,-3.552,0
1977798.0,-2.2569,0.6177,1.5323,9.9216,8.763,-3.563,0
1977848.0,-2.1413,0.5124,1.561,9.8976,8.951,-2.963,0
1977898.0,-2.1526,0.6704,1.5227,10.0317,8.612,-3.823,0
1977948.0,-2.1885,0.3879,1.1588,9.9359,6.647,-2.235,0
1977998.0,-2.2241,0.6129,1.5275,9.9024,8.753,-3.542,0
1978048.0,-2.0912,0.589,1.336,9.9503,7.634,-3.387,0
1978098.0,-2.1488,0.6081,1.47,9.9311,8.404,-3.504,0
1978148.0,-2.0762,0.4836,1.5323,9.821,8.857,-2.819,0
1978198.0,-2.1723,0.498,1.3838,9.845,7.991,-2.896,0
1978248.0,-2.1118,0.4118,1.2881,9.912,7.398,-2.379,0
1978298.0,-2.1929,0.589,1.3886,9.8737,7.992,-3.414,0
1978348.0,-2.1535,0.6464,1.494,9.9407,8.529,-3.721,0
1978398.0,-2.2418,0.589,1.5945,9.8785,9.153,-3.412,0
1978448.0,-2.2031,0.4836,1.336,9.8737,7.697,-2.804,0
1978498.0,-2.205,0.6464,1.5419,9.8545,8.874,-3.753,0
1978548.0,-2.114,0.5267,1.3743,9.9407,7.86,-3.033,0
1978598.0,-2.0942,0.4214,1.4509,9.8497,8.372,-2.45,0
1978648.0,-2.0089,0.5986,1.3072,9.9695,7.457,-3.436,0
1978698.0,-2.0599,0.6033,1.561,9.8497,8.989,-3.505,0
1978748.0,-1.9201,0.6943,1.652,9.9407,9.413,-3.995,0
1978798.0,-2.0062,0.6464,1.4222,9.9647,8.106,-3.712,0
1978848.0,-1.9746,0.5028,0.8428,9.9216,4.849,-2.901,0
1978898.0,-1.9906,0.5315,1.2641,9.7444,7.381,-3.122,0
1978948.0,-1.9809,0.6608,1.1923,9.9742,6.802,-3.79,0
1978998.0,-2.0135,0.5315,1.4557,9.8881,8.363,-3.077,0
1979048.0,-2.0461,0.5746,1.4317,9.9742,8.155,-3.297,0
1979098.0,-2.0844,0.7039,1.585,10.07,8.923,-3.998,0
1979148.0,-2.053,0.5124,0.9337,9.9503,5.354,-2.948,0
1979198.0,-2.1133,0.6656,0.9912,9.8545,5.731,-3.864,0
1979248.0,-2.1051,0.656,1.063,10.0317,6.036,-3.741,0
1979298.0,-2.1787,0.5698,1.4365,9.8785,8.26,-3.301,0
1979348.0,-2.1591,0.6129,1.3503,9.8545,7.788,-3.559,0
1979398.0,-2.1523,0.5315,1.6472,9.821,9.508,-3.098,0
1979448.0,-2.0597,0.5076,1.3934,9.7731,8.104,-2.973,0
1979498.0,-2.0184,0.5315,0.8332,9.8306,4.837,-3.095,0
1979548.0,-1.9492,0.5124,1.0151,9.9024,5.845,-2.962,0
1979598.0,-2.0471,0.5315,1.5083,9.7252,8.803,-3.128,0
1979648.0,-2.037,0.6225,1.3503,10.0556,7.634,-3.542,0
1979698.0,-2.0957,0.5986,1.3312,9.8928,7.65,-3.462,0
1979748.0,-2.0048,0.6369,0.6225,9.7588,3.642,-3.734,0
1979798.0,-2.0851,0.5794,0.7757,9.7492,4.541,-3.401,0
1979848.0,-2.0441,0.4884,0.8619,9.7971,5.022,-2.854,0
1979898.0,-2.0308,0.565,1.1492,9.7348,6.722,-3.322,0
1979948.0,-1.9948,0.6416,1.1492,9.9024,6.606,-3.707,0
1979998.0,-2.0614,0.6129,1.4461,9.8593,8.328,-3.557,0
1980048.0,-2.045,0.6321,0.5076,9.8641,2.94,-3.666,0
1980098.0,-2.2125,0.3879,0.6177,9.7348,3.628,-2.282,0
1980148.0,-2.1911,0.4693,0.8859,9.754,5.183,-2.754,0
1980198.0,-2.1928,0.5411,1.0726,9.8354,6.215,-3.149,0
1980248.0,-2.1057,0.6369,0.7853,10.0556,4.457,-3.624,0
1980298.0,-2.1687,0.5602,1.4653,9.9647,8.352,-3.218,0
1980348.0,-2.1155,0.68,0.5507,9.8641,3.188,-3.943,0
1980398.0,-2.0721,0.3831,0.5171,9.7157,3.045,-2.258,0
1980448.0,-2.0681,0.5315,0.7566,9.8833,4.371,-3.078,0
1980498.0,-2.0803,0.5315,0.838,9.9455,4.809,-3.059,0
1980548.0,-2.0818,0.5602,0.8715,9.8402,5.053,-3.259,0
1980598.0,-2.1289,0.5842,1.1205,9.7109,6.57,-3.443,0
1980648.0,-2.0204,0.68,1.2354,9.6965,7.243,-4.011,0
1980698.0,-2.0916,0.3783,0.5842,9.7923,3.412,-2.212,0
1980748.0,-2.0518,0.4884,0.4645,9.8162,2.706,-2.848,0
1980798.0,-2.0603,0.4262,0.8332,9.8019,4.854,-2.49,0
1980848.0,-2.0898,0.5459,0.8667,9.9311,4.98,-3.146,0
1980898.0,-2.1108,0.5602,1.0295,9.8833,5.937,-3.244,0
1980948.0,-2.1701,0.6033,1.1253,9.6726,6.623,-3.569,0
1980998.0,-2.1522,0.3831,0.2969,9.7923,1.735,-2.24,0
1981048.0,-2.0515,0.5267,0.4884,9.845,2.836,-3.063,0
1981098.0,-2.0579,0.407,0.5986,9.8067,3.49,-2.377,0
1981148.0,-1.979,0.5076,0.7853,9.8593,4.548,-2.947,0
1981198.0,-2.0462,0.4597,1.0726,9.7875,6.247,-2.689,0
1981248.0,-2.075,0.589,0.34,9.6774,2.008,-3.483,0
1981298.0,-2.1487,0.6656,0.431,9.7396,2.528,-3.909,0
1981348.0,-2.0852,0.4214,0.4836,9.912,2.791,-2.434,0
1981398.0,-2.1614,0.431,0.6321,9.6774,3.733,-2.55,0
1981448.0,-2.0935,0.5507,0.6608,9.7971,3.853,-3.217,0
1981498.0,-2.14,0.5171,0.838,9.7971,4.882,-3.022,0
1981548.0,-2.0945,0.5986,1.0487,9.7157,6.149,-3.525,0
1981598.0,-2.0895,0.3783,0.4453,9.7109,2.624,-2.231,0
1981648.0,-2.1139,0.3208,0.498,9.7205,2.931,-1.89,0
1981698.0,-2.2316,0.3112,0.3926,9.7157,2.313,-1.835,0
1981748.0,-2.1468,0.4741,0.5171,9.8737,2.995,-2.749,0
1981798.0,-2.1699,0.431,0.8236,9.8497,4.775,-2.505,0
1981848.0,-2.1776,0.5555,0.5794,9.6295,3.438,-3.301,0
1981898.0,-2.1424,0.5171,1.1013,9.6199,6.522,-3.077,0
1981948.0,-2.0668,0.3783,0.4357,9.6965,2.571,-2.234,0
1981998.0,-2.1624,0.3543,0.5698,9.6151,3.389,-2.111,0
1982048.0,-2.0279,0.3591,0.4741,9.6917,2.798,-2.122,0
1982098.0,-2.0255,0.4788,0.6273,9.7588,3.673,-2.809,0
1982148.0,-2.1278,0.5602,0.7518,9.7396,4.407,-3.292,0
1982198.0,-2.2067,0.5028,0.316,9.8306,1.839,-2.928,0
1982248.0,-2.2538,0.2394,0.3543,9.663,2.099,-1.419,0
1982298.0,-2.2733,0.3448,0.4262,9.8114,2.486,-2.012,0
1982348.0,-2.2296,0.4932,0.4788,9.8162,2.789,-2.876,0
1982398.0,-2.199,0.407,0.68,9.7061,4.004,-2.401,0
1982448.0,-2.0994,0.498,0.7518,9.5816,4.48,-2.975,0
1982498.0,-2.0936,0.407,0.5459,9.7588,3.199,-2.388,0
1982548.0,-2.1113,0.3017,0.4405,9.7061,2.597,-1.78,0
1982598.0,-2.1857,0.3879,0.407,9.663,2.41,-2.299,0
1982648.0,-2.1772,0.34,0.2634,9.663,1.56,-2.015,0
1982698.0,-2.1816,0.5267,0.4884,9.9072,2.818,-3.043,0
1982748.0,-2.0288,0.498,0.5459,9.6582,3.231,-2.952,0
1982798.0,-2.0434,0.4597,0.5698,9.7492,3.341,-2.7,0
1982848.0,-2.0383,0.2873,0.5219,9.7061,3.077,-1.695,0
1982898.0,-2.0789,0.4118,0.5028,9.7348,2.954,-2.422,0
1982948.0,-2.1244,0.2873,0.431,9.6582,2.554,-1.704,0
1982998.0,-2.1098,0.4357,0.3974,9.663,2.353,-2.582,0
1983048.0,-2.0197,0.4453,1.0247,9.663,6.047,-2.639,0
1983098.0,-2.0,0.498,0.5986,9.6103,3.559,-2.966,0
1983148.0,-2.1352,0.3352,0.6081,9.7588,3.564,-1.967,0
1983198.0,-2.0929,0.3543,0.4549,9.6582,2.695,-2.101,0
1983248.0,-2.0187,0.3496,0.3065,9.7827,1.793,-2.046,0
1983298.0,-2.1122,0.4453,0.2107,9.7061,1.242,-2.627,0
1983348.0,-2.0769,0.589,0.5507,9.821,3.203,-3.432,0
1983398.0,-2.127,0.3735,0.6321,9.8593,3.666,-2.169,0
1983448.0,-2.0468,0.2442,0.6608,9.6438,3.919,-1.451,0
1983498.0,-2.1526,0.3208,0.4597,9.5768,2.747,-1.919,0
1983548.0,-2.1227,0.3735,0.6177,9.8114,3.6,-2.18,0
1983598.0,-2.1062,0.316,0.431,9.821,2.511,-1.843,0
1983648.0,-2.0373,0.4836,0.5363,9.7444,3.146,-2.841,0
1983698.0,-2.0991,0.3591,0.7374,9.6582,4.363,-2.13,0
1983748.0,-2.1197,0.2346,0.8045,9.6534,4.762,-1.392,0
1983798.0,-2.096,0.3304,0.5171,9.6822,3.056,-1.954,0
1983848.0,-2.0037,0.4166,0.5938,9.7444,3.484,-2.448,0
1983898.0,-2.044,0.4597,0.3926,9.7779,2.297,-2.692,0
1983948.0,-2.0986,0.3639,0.4932,9.7061,2.907,-2.147,0
1983998.0,-2.1695,0.4357,0.8763,9.7396,5.136,-2.562,0
1984048.0,-2.0645,0.34,0.7614,9.663,4.502,-2.015,0
1984098.0,-2.062,0.4214,0.5842,9.6917,3.446,-2.49,0
1984148.0,-2.0196,0.34,0.4262,9.7013,2.514,-2.007,0
1984198.0,-1.9767,0.2969,0.3448,9.6295,2.05,-1.766,0
1984248.0,-1.9464,0.3256,0.4693,9.6055,2.795,-1.941,0
1984298.0,-2.0081,0.3879,0.3591,9.7348,2.111,-2.282,0
1984348.0,-2.0342,0.2011,0.7757,9.6438,4.598,-1.195,0
1984398.0,-2.1118,0.4022,0.7039,9.754,4.124,-2.361,0
1984448.0,-2.1862,0.2825,0.5028,9.6343,2.986,-1.68,0
1984498.0,-2.1329,0.3304,0.4645,9.6486,2.754,-1.961,0
1984548.0,-2.0403,0.3208,0.3687,9.6391,2.189,-1.906,0
1984598.0,-2.0074,0.3879,1.1061,9.7205,6.487,-2.285,0
1984648.0,-2.1687,0.2969,0.8571,9.7109,5.042,-1.751,0
1984698.0,-2.2604,0.3639,0.5842,9.7013,3.444,-2.148,0
1984748.0,-2.158,0.1915,0.6369,9.6007,3.794,-1.143,0
1984798.0,-2.1766,0.4118,0.4597,9.7157,2.706,-2.427,0
1984848.0,-2.2165,0.4549,0.431,9.7396,2.531,-2.674,0
1984898.0,-2.2316,0.3352,1.0056,9.5433,6.011,-2.012,0
1984948.0,-2.2194,0.4262,1.0199,9.5912,6.064,-2.544,0
1984998.0,-2.1875,0.2921,0.8092,9.6774,4.778,-1.729,0
1985048.0,-2.1989,0.2586,0.589,9.572,3.52,-1.547,0
1985098.0,-2.1923,0.316,0.3974,9.6103,2.367,-1.883,0
1985148.0,-2.0757,0.3017,0.5555,9.6917,3.279,-1.783,0
1985198.0,-2.0743,0.3639,1.1779,9.6917,6.925,-2.15,0
1985248.0,-2.0577,0.3352,1.0774,9.6534,6.364,-1.989,0
1985298.0,-2.0304,0.3974,0.8475,9.6678,5.006,-2.354,0
1985348.0,-1.9635,0.2011,0.9242,9.6055,5.494,-1.199,0
1985398.0,-2.0118,0.407,0.7805,9.8067,4.547,-2.377,0
1985448.0,-2.0244,0.3496,0.6177,9.73,3.63,-2.057,0
1985498.0,-2.0001,0.3879,0.5267,9.7636,3.086,-2.275,0
1985548.0,-2.0441,0.2203,1.0487,9.596,6.235,-1.315,0
1985598.0,-2.1278,0.3448,1.1157,9.7013,6.556,-2.035,0
1985648.0,-2.0648,0.2011,0.8571,9.6391,5.08,-1.195,0
1985698.0,-2.0913,0.3639,0.7709,9.5864,4.595,-2.174,0
1985748.0,-2.0569,0.2825,0.8045,9.6343,4.771,-1.68,0
1985798.0,-2.041,0.3112,1.221,9.6774,7.188,-1.842,0
1985848.0,-1.9739,0.2394,1.1923,9.505,7.148,-1.443,0
1985898.0,-2.0593,0.34,0.9481,9.6343,5.617,-2.021,0
1985948.0,-2.0782,0.2873,0.8523,9.6965,5.021,-1.697,0
1985998.0,-2.1736,0.2921,0.8284,9.7348,4.862,-1.719,0
1986048.0,-2.1139,0.2825,0.4884,9.6391,2.899,-1.679,0
1986098.0,-2.14,0.3879,0.4836,9.6438,2.869,-2.303,0
1986148.0,-2.1672,0.2634,1.0534,9.6007,6.259,-1.571,0
1986198.0,-2.1597,0.3783,1.1636,9.8114,6.758,-2.208,0
1986248.0,-2.1427,0.2729,0.7518,9.6438,4.456,-1.621,0
1986298.0,-2.1367,0.3639,0.7518,9.6917,4.432,-2.15,0
1986348.0,-2.0576,0.316,0.8092,9.6486,4.792,-1.876,0
1986398.0,-2.0555,0.3926,0.5555,9.6965,3.276,-2.319,0
1986448.0,-2.141,0.2682,0.9385,9.7013,5.524,-1.583,0
1986498.0,-2.1508,0.3304,1.2354,9.6343,7.303,-1.964,0
1986548.0,-2.1477,0.1676,1.0918,9.6486,6.455,-0.995,0
1986598.0,-2.1167,0.3256,0.9673,9.6582,5.716,-1.931,0
1986648.0,-2.0231,0.3735,0.7949,9.6917,4.685,-2.207,0
1986698.0,-2.0509,0.3208,0.6991,9.7252,4.109,-1.889,0
1986748.0,-2.0434,0.249,1.0151,9.6103,6.028,-1.484,0
1986798.0,-2.0444,0.2682,1.0774,9.7061,6.332,-1.583,0
1986848.0,-2.0299,0.2346,1.087,9.6247,6.442,-1.396,0
1986898.0,-2.0776,0.3208,0.905,9.663,5.348,-1.902,0
1986948.0,-2.0667,0.2825,0.9816,9.6582,5.801,-1.676,0
1986998.0,-2.1742,0.3591,0.8475,9.8019,4.939,-2.098,0
1987048.0,-2.2217,0.34,1.0295,9.6534,6.084,-2.017,0
1987098.0,-2.2288,0.2298,1.1684,9.5816,6.95,-1.374,0
1987148.0,-2.1152,0.249,1.0008,9.6582,5.914,-1.477,0
1987198.0,-2.0635,0.2298,1.0487,9.6438,6.204,-1.365,0
1987248.0,-2.0661,0.2203,0.8475,9.6199,5.034,-1.312,0
1987298.0,-2.2122,0.3783,0.8236,9.8019,4.799,-2.21,0
1987348.0,-2.1996,0.3065,0.9146,9.6391,5.417,-1.821,0
1987398.0,-2.16,0.2682,1.0247,9.5816,6.102,-1.603,0
1987448.0,-2.1921,0.249,1.3264,9.6534,7.821,-1.478,0
1987498.0,-2.1138,0.316,1.1779,9.6774,6.936,-1.87,0
1987548.0,-2.0326,0.1867,1.0295,9.6295,6.101,-1.111,0
1987598.0,-2.0918,0.2921,0.7949,9.596,4.733,-1.743,0
1987648.0,-2.0685,0.3256,1.0295,9.6774,6.069,-1.927,0
1987698.0,-2.0736,0.249,1.0965,9.6534,6.478,-1.478,0
1987748.0,-2.084,0.2825,1.0008,9.6343,5.928,-1.68,0
1987798.0,-2.1606,0.3831,1.2019,9.7492,7.023,-2.25,0
1987848.0,-2.1136,0.2059,1.1205,9.6678,6.61,-1.22,0
1987898.0,-2.1191,0.3831,0.9433,9.6774,5.563,-2.267,0
1987948.0,-2.0569,0.1963,0.7039,9.821,4.099,-1.145,0
1987998.0,-2.0966,0.3112,1.0582,9.663,6.247,-1.845,0
1988048.0,-2.143,0.2155,0.9864,9.6534,5.833,-1.279,0
1988098.0,-2.2033,0.34,1.2402,9.6343,7.331,-2.021,0
1988148.0,-2.139,0.3543,1.1301,9.7444,6.611,-2.083,0
1988198.0,-2.1009,0.3591,0.9912,9.8258,5.757,-2.093,0
1988248.0,-2.1384,0.2346,0.7374,9.7396,4.329,-1.38,0
1988298.0,-2.1638,0.2538,1.0678,9.6726,6.298,-1.503,0
1988348.0,-2.183,0.1867,1.063,9.6391,6.292,-1.11,0
1988398.0,-2.1549,0.2586,1.1253,9.7588,6.575,-1.518,0
1988448.0,-2.1099,0.2729,1.063,9.6678,6.272,-1.617,0
1988498.0,-2.0739,0.3256,0.9816,9.6869,5.783,-1.925,0
1988548.0,-2.1162,0.2969,1.1349,9.6678,6.692,-1.759,0
1988598.0,-2.1969,0.1724,1.0822,9.6822,6.377,-1.02,0
1988648.0,-2.1986,0.1484,1.0295,9.6295,6.102,-0.883,0
1988698.0,-2.1956,0.182,0.9625,9.6438,5.698,-1.081,0
1988748.0,-2.1301,0.2394,1.1061,9.7013,6.503,-1.414,0
1988798.0,-2.0407,0.3065,1.1636,9.7109,6.829,-1.808,0
1988848.0,-1.979,0.2203,0.565,9.7492,3.316,-1.294,0
1988898.0,-1.9313,0.158,0.972,9.821,5.652,-0.922,0
1988948.0,-1.9767,0.2873,0.7326,9.7061,4.315,-1.695,0
1988998.0,-2.0194,0.2777,1.0008,9.6917,5.893,-1.641,0
1989048.0,-2.1037,0.3256,1.0439,9.8258,6.061,-1.898,0
1989098.0,-2.0966,0.316,1.154,9.8497,6.679,-1.838,0
1989148.0,-1.9929,0.2011,0.8811,9.6438,5.219,-1.195,0
1989198.0,-2.0017,0.158,0.8811,9.7779,5.148,-0.926,0
1989248.0,-2.0033,0.249,0.6752,9.6438,4.003,-1.479,0
1989298.0,-2.047,0.1867,0.8954,9.6199,5.317,-1.112,0
1989348.0,-2.0366,0.2729,1.0104,9.6343,5.984,-1.623,0
1989398.0,-2.0643,0.2825,1.2737,9.6438,7.521,-1.678,0
1989448.0,-2.0522,0.2825,0.9625,9.7348,5.644,-1.662,0
1989498.0,-2.2393,0.0814,0.565,9.7492,3.317,-0.478,0
1989548.0,-2.2948,0.1437,0.7805,9.5816,4.656,-0.859,0
1989598.0,-2.2896,0.1915,0.9912,9.7013,5.833,-1.131,0
1989648.0,-2.1556,0.2682,0.9146,9.7683,5.347,-1.572,0
1989698.0,-2.0948,0.2538,1.2402,9.7205,7.268,-1.496,0
1989748.0,-2.0444,0.2538,1.1827,9.7875,6.888,-1.485,0
1989798.0,-2.0623,0.2921,0.5794,9.7636,3.395,-1.714,0
1989848.0,-2.0543,0.2586,0.6369,9.6869,3.76,-1.529,0
1989898.0,-2.0618,0.2682,0.905,9.6247,5.37,-1.596,0
1989948.0,-2.1234,0.1915,0.9433,9.6391,5.588,-1.138,0
1989998.0,-2.2216,0.2682,1.3551,9.7157,7.937,-1.581,0
1990048.0,-2.1565,0.2203,1.0439,9.7827,6.089,-1.29,0
1990098.0,-2.1579,0.0192,0.5794,9.7683,3.394,-0.112,0
1990148.0,-2.0979,0.158,0.4741,9.7109,2.794,-0.932,0
1990198.0,-2.0316,0.1245,0.7422,9.6295,4.407,-0.741,0
1990248.0,-2.0496,0.158,0.7278,9.7492,4.269,-0.929,0
1990298.0,-2.023,0.2442,1.1444,9.6391,6.769,-1.451,0
1990348.0,-2.1511,0.2969,1.0391,9.6869,6.12,-1.755,0
1990398.0,-2.1955,0.2538,0.4788,9.6582,2.837,-1.505,0
1990448.0,-2.156,0.0431,0.4741,9.73,2.789,-0.254,0
1990498.0,-2.099,0.1101,0.6847,9.6822,4.045,-0.652,0
1990548.0,-2.0244,0.2729,0.7709,9.7683,4.511,-1.6,0
1990598.0,-2.1845,0.249,1.0056,9.754,5.884,-1.462,0
1990648.0,-2.1403,0.182,0.8571,9.6774,5.061,-1.077,0
1990698.0,-2.1515,0.3735,0.2682,9.6917,1.584,-2.207,0
1990748.0,-2.0479,0.1389,0.3017,9.6965,1.782,-0.82,0
1990798.0,-2.0749,0.0479,0.8284,9.7492,4.857,-0.281,0
1990848.0,-2.193,0.1293,0.5028,9.6917,2.969,-0.764,0
1990898.0,-2.2596,0.1245,0.9864,9.6774,5.82,-0.737,0
1990948.0,-2.1885,0.1197,0.996,9.7205,5.85,-0.706,0
1990998.0,-2.0218,0.2155,0.8906,9.6391,5.278,-1.281,0
1991048.0,-1.973,0.0527,0.4118,9.6965,2.432,-0.311,0
1991098.0,-2.0957,0.1053,0.6943,9.6822,4.101,-0.623,0
1991148.0,-2.1129,0.1053,0.5411,9.6726,3.202,-0.624,0
1991198.0,-2.0923,0.1772,0.9098,9.7061,5.354,-1.046,0
1991248.0,-2.0601,0.2203,0.9481,9.7971,5.526,-1.288,0
1991298.0,-2.1326,0.0287,0.407,9.754,2.389,-0.169,0
1991348.0,-2.1515,0.1053,0.3304,9.7875,1.933,-0.617,0
1991398.0,-2.0933,0.1101,0.5794,9.7875,3.388,-0.645,0
1991448.0,-2.037,0.1053,0.6321,9.6822,3.735,-0.623,0
1991498.0,-2.0221,0.091,0.6608,9.6103,3.933,-0.542,0
1991548.0,-2.0967,0.1437,0.7374,9.6774,4.357,-0.85,0
1991598.0,-2.0821,0.2873,0.4166,9.8833,2.413,-1.665,0
1991648.0,-2.0948,0.2394,0.4693,9.7396,2.758,-1.408,0
1991698.0,-2.0434,0.0144,0.3639,9.754,2.137,-0.084,0
1991748.0,-2.0633,0.2107,0.3879,9.6965,2.29,-1.245,0
1991798.0,-2.0617,0.1006,0.7518,9.8545,4.362,-0.585,0
1991848.0,-2.0251,0.1963,0.8571,9.7396,5.028,-1.155,0
1991898.0,-2.0753,0.1101,0.5363,9.7492,3.148,-0.647,0
1991948.0,-2.0416,0.158,0.3304,9.7205,1.946,-0.931,0
1991998.0,-1.9465,-0.0144,0.3591,9.754,2.109,0.084,0
1992048.0,-1.9617,-0.0287,0.2107,9.6199,1.255,0.171,0
1992098.0,-2.0552,0.0814,0.6512,9.754,3.82,-0.478,0
1992148.0,-2.0684,0.2107,0.5746,9.7444,3.374,-1.239,0
1992198.0,-2.0963,0.2825,0.5794,9.7252,3.408,-1.664,0
1992248.0,-2.1133,0.2155,0.2777,9.845,1.616,-1.254,0
1992298.0,-2.0821,0.0048,0.3591,9.8833,2.081,-0.028,0
1992348.0,-2.059,0.158,0.4549,9.7827,2.662,-0.925,0
1992398.0,-1.9789,-0.0192,0.3639,9.73,2.142,0.113,0
1992448.0,-2.0444,0.1341,0.2682,9.6438,1.593,-0.797,0
1992498.0,-2.1905,0.1293,0.9864,9.9024,5.688,-0.748,0
1992548.0,-2.0963,0.1676,0.4022,9.7779,2.355,-0.982,0
1992598.0,-2.0996,0.1245,0.3926,9.7923,2.296,-0.728,0
1992648.0,-2.0345,0.0527,0.5459,9.6822,3.227,-0.312,0
1992698.0,-2.0372,0.1053,0.4022,9.7157,2.371,-0.621,0
1992748.0,-2.0308,0.1053,0.5507,9.6726,3.258,-0.624,0
1992798.0,-2.0633,0.1628,0.6704,9.8737,3.884,-0.945,0
1992848.0,-2.0701,0.0575,0.6129,9.7683,3.59,-0.337,0
1992898.0,-2.0018,0.0431,0.3831,9.7157,2.258,-0.254,0
1992948.0,-2.0336,0.0431,0.4357,9.6343,2.59,-0.256,0
1992998.0,-2.0277,-0.0287,0.3879,9.6965,2.291,0.17,0
1993048.0,-2.1016,0.1245,0.2203,9.754,1.294,-0.731,0
1993098.0,-2.0407,0.1628,0.6033,9.7971,3.524,-0.952,0
1993148.0,-2.0579,0.1867,0.7614,9.821,4.432,-1.089,0
1993198.0,-2.0601,0.0335,0.4262,9.6917,2.518,-0.198,0
1993248.0,-2.095,0.1149,0.3783,9.7731,2.216,-0.674,0
1993298.0,-2.0309,0.0239,0.316,9.8067,1.846,-0.14,0
1993348.0,-2.0479,0.1341,0.3591,9.7157,2.117,-0.791,0
1993398.0,-2.063,0.0862,0.8284,9.8067,4.828,-0.504,0
1993448.0,-2.0877,0.2203,0.814,9.8881,4.705,-1.276,0
1993498.0,-2.1006,0.091,0.5219,9.7205,3.073,-0.536,0
1993548.0,-2.1157,0.0431,0.5315,9.7061,3.134,-0.254,0
1993598.0,-2.0528,0.0335,0.2825,9.7013,1.668,-0.198,0
1993648.0,-2.0157,0.1293,0.4453,9.8928,2.577,-0.749,0
1993698.0,-2.035,0.0431,0.9242,9.8593,5.355,-0.25,0
1993748.0,-2.0291,0.2011,0.7374,9.8067,4.299,-1.175,0
1993798.0,-2.1194,0.1628,0.6752,9.8067,3.938,-0.951,0
1993848.0,-2.1982,0.0383,0.6512,9.6534,3.859,-0.227,0
1993898.0,-2.1627,0.0239,0.4501,9.7205,2.651,-0.141,0
1993948.0,-2.139,0.1006,0.2682,9.7875,1.569,-0.589,0
1993998.0,-2.0708,0.0575,0.3304,9.9407,1.904,-0.331,0
1994048.0,-2.1065,0.2442,0.9481,9.8928,5.473,-1.414,0
1994098.0,-2.2377,0.1006,0.8906,9.7492,5.22,-0.591,0
1994148.0,-2.2281,0.0096,0.7757,9.6726,4.585,-0.057,0
1994198.0,-2.1597,0.0622,0.4501,9.8067,2.628,-0.364,0
1994248.0,-2.0932,0.0239,0.2586,9.8737,1.5,-0.139,0
1994298.0,-2.0532,0.1389,0.9242,9.8689,5.349,-0.806,0
1994348.0,-2.0804,0.182,1.0343,9.9216,5.95,-1.051,0
1994398.0,-2.1482,0.1532,0.8954,9.7971,5.222,-0.896,0
1994448.0,-2.1979,0.1724,0.5938,9.821,3.459,-1.006,0
1994498.0,-2.087,0.0575,0.4788,9.845,2.785,-0.334,0
1994548.0,-2.0411,0.0431,0.4501,9.7205,2.651,-0.254,0
1994598.0,-1.9499,0.0431,0.5171,9.8928,2.992,-0.25,0
1994648.0,-2.053,0.1389,1.1588,9.8737,6.693,-0.806,0
1994698.0,-2.1258,0.2203,0.7997,9.8833,4.625,-1.277,0
1994748.0,-2.1772,0.1245,0.8045,9.8785,4.655,-0.722,0
1994798.0,-2.136,0.0527,0.5746,9.7683,3.366,-0.309,0
1994848.0,-2.0942,0.1676,0.4166,9.9311,2.402,-0.967,0
1994898.0,-2.0033,0.0,0.4645,9.8976,2.687,0.0,0
1994948.0,-2.0753,0.1389,1.2115,9.8737,6.994,-0.806,0
1994998.0,-2.1479,0.2586,0.996,9.7779,5.814,-1.515,0
1995048.0,-2.2074,0.1437,0.9673,9.7923,5.641,-0.84,0
1995098.0,-2.2831,0.1437,0.7949,9.7827,4.645,-0.841,0
1995148.0,-2.2332,-0.0048,0.5411,9.7348,3.181,0.028,0
1995198.0,-2.1399,0.0862,1.4509,9.8785,8.355,-0.5,0
1995248.0,-2.0999,0.0527,1.087,9.8641,6.288,-0.306,0
1995298.0,-2.0936,0.2107,1.0008,9.7971,5.831,-1.232,0
1995348.0,-2.1026,0.1628,1.0104,9.7875,5.893,-0.953,0
1995398.0,-2.1715,0.1006,0.8667,9.7588,5.075,-0.59,0
1995448.0,-2.1729,0.1101,0.5986,9.9838,3.431,-0.632,0
1995498.0,-2.2182,-0.0287,0.4453,9.7683,2.61,0.169,0
1995548.0,-2.2096,0.1149,1.2354,9.8593,7.142,-0.668,0
1995598.0,-2.1567,0.2825,1.2258,9.8641,7.081,-1.641,0
1995648.0,-2.1521,0.1437,1.087,9.9216,6.252,-0.83,0
1995698.0,-2.0906,0.1341,0.7374,9.8114,4.298,-0.783,0
1995748.0,-2.064,0.0958,0.7374,9.8019,4.302,-0.56,0
1995798.0,-2.0482,0.182,0.6081,9.9024,3.514,-1.053,0
1995848.0,-2.0132,0.1915,1.5754,9.8402,9.094,-1.115,0
1995898.0,-2.0606,0.2538,1.2594,9.8737,7.266,-1.472,0
1995948.0,-2.1563,0.1293,1.1971,9.8545,6.926,-0.752,0
1995998.0,-2.2512,0.2251,1.0056,9.8306,5.839,-1.311,0
1996048.0,-2.1487,0.182,0.8619,9.9503,4.95,-1.048,0
1996098.0,-2.0403,0.0527,0.5171,10.0078,2.958,-0.302,0
1996148.0,-2.1275,0.0383,1.5131,9.9216,8.671,-0.221,0
1996198.0,-2.078,0.2251,1.3503,9.8067,7.838,-1.315,0
1996248.0,-2.0633,0.249,1.2881,9.9359,7.384,-1.436,0
1996298.0,-2.0898,0.2059,0.9577,9.8545,5.549,-1.197,0
1996348.0,-2.1318,0.158,1.0151,9.7971,5.915,-0.924,0
1996398.0,-2.1574,0.1532,0.7614,10.0413,4.336,-0.874,0
1996448.0,-2.1885,0.0718,1.3934,9.9072,8.006,-0.415,0
1996498.0,-2.1851,0.4166,1.2258,10.0317,6.961,-2.378,0
1996548.0,-2.1549,0.1772,1.2306,9.8162,7.145,-1.034,0
1996598.0,-2.0511,0.1772,1.0151,9.8114,5.906,-1.035,0
1996648.0,-2.0089,0.1197,0.8236,9.845,4.782,-0.697,0
1996698.0,-2.0891,0.067,0.6704,9.8019,3.912,-0.392,0
1996748.0,-2.16,0.158,1.6328,9.9407,9.327,-0.911,0
1996798.0,-2.0824,0.3783,1.2594,9.9359,7.218,-2.18,0
1996848.0,-2.1706,0.1437,1.2977,9.9024,7.465,-0.831,0
1996898.0,-2.1834,0.1676,1.1779,9.8689,6.806,-0.973,0
1996948.0,-2.2166,0.2011,1.0343,9.8019,6.022,-1.175,0
1996998.0,-2.1729,0.091,1.5323,9.8785,8.817,-0.528,0
1997048.0,-2.0874,0.2442,1.5754,9.8976,9.041,-1.413,0
1997098.0,-2.0691,0.3017,1.4461,9.9216,8.289,-1.742,0
1997148.0,-2.0923,0.1341,1.3982,9.8545,8.075,-0.779,0
1997198.0,-2.0519,0.2729,1.3503,9.8641,7.792,-1.585,0
1997248.0,-2.1343,0.182,1.2067,9.8976,6.95,-1.053,0
1997298.0,-2.1721,0.2155,1.2546,9.9359,7.195,-1.242,0
1997348.0,-2.1155,0.1053,1.4365,9.8928,8.262,-0.61,0
1997398.0,-2.057,0.3831,1.5083,9.9934,8.577,-2.195,0
1997448.0,-2.0725,0.2155,1.5083,9.821,8.729,-1.257,0
1997498.0,-2.0593,0.3831,1.245,9.9982,7.093,-2.194,0
1997548.0,-2.0684,0.1628,1.2689,9.9838,7.242,-0.934,0
1997598.0,-2.0913,0.316,1.0534,9.9647,6.032,-1.817,0
1997648.0,-2.0662,0.1484,1.3934,9.8833,8.024,-0.86,0
1997698.0,-2.1268,0.3783,1.4078,9.9503,8.047,-2.177,0
1997748.0,-2.0668,0.1915,1.4174,9.9216,8.129,-1.106,0
1997798.0,-2.1597,0.3496,1.3695,9.8545,7.907,-2.032,0
1997848.0,-2.2363,0.1532,1.3216,9.8354,7.652,-0.893,0
1997898.0,-2.101,0.2442,1.221,9.8162,7.088,-1.425,0
1997948.0,-2.0943,0.1484,1.3934,9.9551,7.967,-0.854,0
1997998.0,-2.041,0.4693,1.4174,10.0221,8.041,-2.681,0
1998048.0,-2.1176,0.2729,1.4461,9.9503,8.266,-1.571,0
1998098.0,-2.0193,0.3065,1.3934,9.8928,8.014,-1.774,0
1998148.0,-2.0708,0.2825,1.4605,9.9742,8.327,-1.622,0
1998198.0,-2.2262,0.2538,1.2833,10.0796,7.253,-1.442,0
1998248.0,-2.1148,0.1389,1.1827,9.8881,6.82,-0.805,0
1998298.0,-1.9923,0.3735,1.6233,9.8928,9.312,-2.162,0
1998348.0,-2.0065,0.1676,1.5993,9.9455,9.134,-0.965,0
1998398.0,-2.058,0.4405,1.4892,10.0317,8.436,-2.514,0
1998448.0,-2.1299,0.2921,1.6616,9.8689,9.553,-1.695,0
1998498.0,-2.0372,0.3639,1.4269,9.8737,8.218,-2.111,0
1998548.0,-2.0901,0.1532,1.1779,10.0173,6.706,-0.876,0
1998598.0,-2.1596,0.3687,1.4222,9.9072,8.163,-2.131,0
1998648.0,-2.1223,0.249,1.2689,9.912,7.293,-1.439,0
1998698.0,-2.075,0.3591,1.403,9.9216,8.044,-2.073,0
1998748.0,-2.1464,0.2203,1.4365,9.8785,8.272,-1.277,0
1998798.0,-2.1474,0.4453,1.3838,9.9072,7.944,-2.574,0
1998848.0,-2.1146,0.182,1.3072,9.9072,7.515,-1.052,0
1998898.0,-1.9877,0.3543,1.0582,9.9742,6.052,-2.035,0
1998948.0,-2.0417,0.0766,1.3503,9.8928,7.772,-0.444,0
1998998.0,-2.0963,0.3304,1.4892,9.9359,8.519,-1.905,0
1999048.0,-2.2149,0.1772,1.4557,9.9216,8.345,-1.023,0
1999098.0,-2.1538,0.3304,1.4557,9.9168,8.346,-1.908,0
1999148.0,-2.1087,0.2059,1.4413,9.9838,8.213,-1.181,0
1999198.0,-2.0455,0.3831,1.1444,10.0173,6.513,-2.19,0
1999248.0,-2.0994,0.2634,1.3934,9.9359,7.98,-1.518,0
1999298.0,-2.0962,0.2777,1.3312,9.9072,7.65,-1.606,0
1999348.0,-2.1671,0.2442,1.4988,9.8881,8.616,-1.415,0
1999398.0,-2.0634,0.3496,1.4557,9.8497,8.402,-2.032,0
1999448.0,-2.1786,0.1437,0.9816,9.845,5.693,-0.836,0
1999498.0,-2.2077,0.2969,1.0965,9.8306,6.362,-1.73,0
1999548.0,-2.1548,0.2825,1.1253,9.9503,6.45,-1.626,0
1999598.0,-2.0932,0.3256,1.2354,10.0556,7.0,-1.855,0
1999648.0,-2.0391,0.2298,1.2977,9.9216,7.45,-1.327,0
1999698.0,-2.0767,0.3831,1.403,9.9359,8.031,-2.208,0
1999748.0,-2.119,0.1341,1.336,9.9647,7.635,-0.771,0
1999798.0,-2.0675,0.3496,0.9864,9.8976,5.688,-2.023,0
1999848.0,-2.1062,0.2873,1.1013,9.9216,6.331,-1.659,0
1999898.0,-2.1169,0.2586,1.2737,9.8737,7.348,-1.5,0
1999948.0,-2.1133,0.2059,1.4557,9.9264,8.341,-1.188,0
1999998.0,-2.1597,0.3639,1.5323,9.8976,8.794,-2.106,0
2000048.0,-2.1418,0.182,1.6041,9.8354,9.262,-1.06,0
2000098.0,-2.086,0.3735,0.9768,9.9838,5.584,-2.142,0
