time_ms,weight_kg,sync
2352701.0,0.0465,0
2352714.0,0.0301,0
2352727.0,0.0427,0
2352742.0,0.059,0
2352756.0,0.0296,0
2352769.0,0.0152,0
2352782.0,0.0125,0
2352796.0,0.0082,0
2352809.0,0.0089,0
2352822.0,-0.0038,0
2352836.0,0.0264,0
2352849.0,0.0546,0
2352862.0,0.046,0
2352876.0,0.0096,0
2352889.0,-0.0064,0
2352902.0,-0.0062,0
2352916.0,-0.0416,0
2352929.0,-0.0423,0
2352942.0,-0.0183,0
2352969.0,0.0031,0
2352982.0,0.0128,0
2352996.0,-0.0061,0
2353009.0,-0.0024,0
2353022.0,-0.0174,0
2353036.0,-0.0174,0
2353049.0,-0.0511,0
2353062.0,-0.0613,0
2353076.0,-0.0498,0
2353089.0,-0.0122,0
2353102.0,0.0085,0
2353116.0,0.0165,0
2353129.0,0.0197,0
2353142.0,-0.0048,0
2353156.0,-0.0298,0
2353169.0,-0.0179,0
2353182.0,-0.0217,0
2353196.0,-0.0207,0
2353209.0,0.0231,0
2353222.0,0.0318,0
2353236.0,0.0427,0
2353249.0,0.0583,0
2353262.0,0.0336,0
2353276.0,-0.0031,0
2353289.0,-0.006,0
2353302.0,-0.0077,0
2353316.0,0.0075,0
2353329.0,0.0252,0
2353342.0,0.0458,0
2353356.0,0.0143,0
2353369.0,0.0182,0
2353382.0,0.0454,0
2353396.0,0.0482,0
2353409.0,0.0316,0
2353422.0,0.02,0
2353436.0,0.0322,0
2353449.0,0.0389,0
2353462.0,0.0234,0
2353476.0,0.0305,0
2353489.0,0.0583,0
2353502.0,0.053,0
2353516.0,0.0145,0
2353529.0,0.0372,0
2353542.0,0.0279,0
2353556.0,-0.015,0
2353569.0,-0.0457,0
2353582.0,-0.0478,0
2353596.0,0.0223,0
2353609.0,0.0045,0
2353622.0,0.0,0
2353636.0,0.0102,0
2353649.0,-0.0167,0
2353662.0,-0.0489,0
2353676.0,-0.044,0
2353689.0,-0.0294,0
2353702.0,-0.0214,0
2353716.0,-0.0217,0
2353729.0,-0.0174,0
2353742.0,-0.0055,0
2353756.0,0.0184,0
2353769.0,0.0084,0
2353782.0,0.0118,0
2353796.0,-0.0182,0
2353809.0,-0.0418,0
2353822.0,-0.044,0
2353836.0,-0.0041,0
2353849.0,0.0119,0
2353862.0,0.023,0
2353876.0,0.004,0
2353889.0,0.0058,0
2353902.0,0.0095,0
2353916.0,0.0067,0
2353929.0,-0.0084,0
2353942.0,0.0,0
2353956.0,-0.015,0
2353969.0,-0.0081,0
2353982.0,0.0,0
2353996.0,0.0374,0
2354009.0,0.0492,0
2354022.0,0.0389,0
2354036.0,0.0145,0
2354049.0,0.0325,0
2354062.0,0.017,0
2354077.0,0.0146,0
2354091.0,0.027,0
2354104.0,0.0052,0
2354117.0,0.0139,0
2354131.0,0.0512,0
2354144.0,0.0512,0
2354157.0,0.0352,0
2354171.0,0.0418,0
2354184.0,0.0423,0
2354197.0,0.0304,0
2354211.0,-0.003,0
2354224.0,0.0,0
2354237.0,0.0,0
2354251.0,0.0,0
2354264.0,0.0295,0
2354277.0,0.0313,0
2354291.0,0.0047,0
2354304.0,-0.0078,0
2354317.0,-0.0194,0
2354331.0,0.0,0
2354344.0,-0.0245,0
2354357.0,-0.0176,0
2354371.0,-0.0045,0
2354384.0,0.005,0
2354397.0,-0.0033,0
2354411.0,0.0,0
2354424.0,-0.0085,0
2354437.0,-0.0211,0
2354451.0,-0.039,0
2354464.0,-0.046,0
2354477.0,-0.045,0
2354491.0,-0.0336,0
2354504.0,-0.0257,0
2354517.0,-0.0077,0
2354531.0,-0.0072,0
2354544.0,0.0143,0
2354557.0,-0.0047,0
2354571.0,-0.023,0
2354584.0,-0.0078,0
2354597.0,-0.0109,0
2354611.0,-0.0241,0
2354624.0,0.0,0
2354637.0,0.0326,0
2354651.0,0.0045,0
2354664.0,0.0091,0
2354677.0,0.0,0
2354691.0,0.0096,0
2354704.0,-0.0189,0
2354717.0,-0.0196,0
2354731.0,0.0274,0
2354744.0,0.0296,0
2354757.0,0.0106,0
2354771.0,0.0513,0
2354784.0,0.0379,0
2354797.0,0.0413,0
2354811.0,0.0281,0
2354824.0,0.0248,0
2354837.0,0.0102,0
2354851.0,0.0089,0
2354864.0,0.0033,0
2354877.0,0.0143,0
2354891.0,0.0082,0
2354904.0,0.0252,0
2354917.0,0.0074,0
2354931.0,0.022,0
2354944.0,0.0149,0
2354957.0,-0.0028,0
2354971.0,0.0079,0
2354984.0,0.0,0
2354997.0,-0.0365,0
2355011.0,-0.0119,0
2355024.0,-0.0177,0
2355037.0,-0.0077,0
2355051.0,0.0072,0
2355064.0,0.0028,0
2355077.0,0.0096,0
2355091.0,-0.024,0
2355104.0,-0.0224,0
2355117.0,-0.0306,0
2355131.0,-0.0321,0
2355144.0,-0.0128,0
2355157.0,0.0,0
2355171.0,0.0,0
2355184.0,0.003,0
2355197.0,-0.0112,0
2355211.0,-0.006,0
2355224.0,0.0,0
2355237.0,0.0,0
2355251.0,0.0078,0
2355264.0,-0.0191,0
2355277.0,-0.0072,0
2355291.0,-0.0035,0
2355304.0,-0.015,0
2355317.0,0.0028,0
2355331.0,0.0,0
2355344.0,0.0,0
2355357.0,0.0051,0
2355371.0,0.0245,0
2355384.0,0.0211,0
2355411.0,0.0308,0
2355424.0,0.0279,0
2355437.0,0.06,0
2355451.0,0.0526,0
2355464.0,0.0163,0
2355477.0,0.0336,0
2355491.0,0.0294,0
2355504.0,0.0404,0
2355517.0,0.0166,0
2355531.0,0.0289,0
2355544.0,0.0252,0
2355557.0,0.0346,0
2355571.0,0.0316,0
2355584.0,0.0299,0
2355597.0,0.0,0
2355611.0,-0.0123,0
2355624.0,-0.0204,0
2355637.0,-0.019,0
2355651.0,0.0,0
2355664.0,-0.0021,0
2355677.0,0.0026,0
2355691.0,-0.0044,0
2355704.0,-0.0143,0
2355717.0,-0.0241,0
2355731.0,-0.0115,0
2355744.0,-0.0189,0
2355757.0,-0.0329,0
2355771.0,-0.0074,0
2355784.0,0.0,0
2355797.0,-0.024,0
2355811.0,-0.02,0
2355824.0,-0.0138,0
2355837.0,-0.0033,0
2355851.0,0.0089,0
2355864.0,-0.0209,0
2355877.0,-0.0245,0
2355891.0,-0.0289,0
2355904.0,-0.0255,0
2355917.0,0.0,0
2355931.0,0.0121,0
2355944.0,0.0077,0
2355957.0,-0.0119,0
2355971.0,0.018,0
2355984.0,0.0174,0
2355997.0,0.0065,0
2356011.0,0.006,0
2356024.0,-0.0176,0
2356037.0,0.0254,0
2356051.0,0.0424,0
2356064.0,0.0233,0
2356077.0,0.0126,0
2356091.0,0.0272,0
2356117.0,0.0262,0
2356131.0,0.0157,0
2356144.0,0.0095,0
2356157.0,0.0115,0
2356171.0,0.0,0
2356184.0,0.022,0
2356197.0,0.0291,0
2356211.0,0.0328,0
2356224.0,0.0302,0
2356237.0,0.0258,0
2356251.0,0.0142,0
2356264.0,0.0148,0
2356277.0,0.0216,0
2356291.0,-0.0035,0
2356304.0,-0.0061,0
2356317.0,0.0197,0
2356331.0,0.0094,0
2356344.0,0.0027,0
2356357.0,-0.0245,0
2356371.0,0.0035,0
2356384.0,-0.0026,0
2356397.0,-0.0101,0
2356411.0,-0.0087,0
2356424.0,-0.0095,0
2356437.0,-0.0243,0
2356451.0,-0.0227,0
2356464.0,0.0,0
2356477.0,0.0,0
2356491.0,-0.0494,0
2356504.0,-0.0485,0
2356517.0,-0.02,0
2356531.0,-0.0319,0
2356544.0,-0.0367,0
2356557.0,-0.0336,0
2356572.0,-0.0064,0
2356586.0,0.0155,0
2356599.0,0.005,0
2356612.0,-0.02,0
2356626.0,-0.0153,0
2356639.0,-0.0312,0
2356652.0,-0.017,0
2356666.0,0.0062,0
2356679.0,0.0166,0
2356692.0,0.0108,0
2356706.0,0.0153,0
2356719.0,0.0204,0
2356732.0,0.0349,0
2356746.0,0.0349,0
2356759.0,0.0391,0
2356772.0,0.042,0
2356786.0,0.0129,0
2356799.0,0.0394,0
2356812.0,0.0166,0
2356826.0,0.0111,0
2356839.0,0.0407,0
2356852.0,0.0254,0
2356866.0,0.0091,0
2356879.0,0.0095,0
2356892.0,0.026,0
2356906.0,0.0247,0
2356919.0,0.0072,0
2356932.0,0.0328,0
2356946.0,0.0275,0
2356959.0,0.0176,0
2356972.0,0.0112,0
2356986.0,0.0,0
2356999.0,-0.0065,0
2357012.0,0.0,0
2357026.0,-0.004,0
2357052.0,0.006,0
2357066.0,-0.006,0
2357079.0,-0.0031,0
2357092.0,0.0,0
2357106.0,-0.0129,0
2357119.0,-0.013,0
2357132.0,-0.0037,0
2357146.0,0.0034,0
2357159.0,-0.0203,0
2357172.0,-0.0166,0
2357186.0,-0.0091,0
2357199.0,-0.0322,0
2357212.0,-0.0238,0
2357226.0,-0.015,0
2357239.0,-0.0112,0
2357252.0,-0.0285,0
2357266.0,-0.027,0
2357279.0,0.0,0
2357292.0,-0.0165,0
2357306.0,-0.0196,0
2357319.0,-0.0062,0
2357332.0,0.0102,0
2357346.0,0.0071,0
2357359.0,0.0,0
2357372.0,0.0,0
2357386.0,-0.0035,0
2357399.0,-0.005,0
2357412.0,0.0199,0
2357426.0,0.0258,0
2357439.0,0.0186,0
2357452.0,-0.0033,0
2357466.0,-0.0074,0
2357479.0,0.003,0
2357492.0,0.0264,0
2357506.0,0.0153,0
2357519.0,0.0257,0
2357532.0,0.0186,0
2357546.0,0.018,0
2357559.0,0.0213,0
2357572.0,0.015,0
2357586.0,-0.0052,0
2357599.0,0.0045,0
2357612.0,-0.0048,0
2357626.0,0.0218,0
2357639.0,0.0193,0
2357652.0,0.0149,0
2357666.0,0.0,0
2357679.0,0.023,0
2357692.0,-0.0065,0
2357706.0,0.0028,0
2357719.0,0.0176,0
2357732.0,0.0128,0
2357746.0,0.0149,0
2357759.0,0.0233,0
2357772.0,0.0163,0
2357786.0,0.0216,0
2357799.0,0.0271,0
2357812.0,-0.0074,0
2357826.0,-0.0028,0
2357839.0,0.004,0
2357852.0,0.0,0
2357866.0,-0.0163,0
2357879.0,-0.0169,0
2357892.0,-0.0129,0
2357906.0,-0.0129,0
2357919.0,-0.0251,0
2357932.0,-0.0191,0
2357946.0,-0.0245,0
2357959.0,-0.0383,0
2357972.0,-0.0441,0
2357986.0,-0.0166,0
2357999.0,-0.0101,0
2358012.0,0.0,0
2358026.0,-0.0061,0
2358039.0,-0.0055,0
2358052.0,0.0,0
2358066.0,0.0061,0
2358079.0,0.0031,0
2358092.0,0.0105,0
2358106.0,0.0044,0
2358119.0,0.0021,0
2358132.0,0.0095,0
2358146.0,0.0418,0
2358159.0,0.034,0
2358172.0,0.0342,0
2358186.0,0.0387,0
2358199.0,0.0482,0
2358212.0,0.0312,0
2358226.0,0.0257,0
2358239.0,0.0251,0
2358252.0,0.0306,0
2358266.0,0.0217,0
2358279.0,0.0182,0
2358292.0,0.0206,0
2358306.0,0.0057,0
2358319.0,0.0021,0
2358332.0,0.0153,0
2358346.0,0.022,0
2358359.0,0.004,0
2358372.0,0.0116,0
2358386.0,0.0,0
2358399.0,-0.0051,0
2358412.0,0.0,0
2358426.0,-0.0041,0
2358439.0,-0.0071,0
2358452.0,-0.003,0
2358466.0,-0.0152,0
2358479.0,-0.0207,0
2358492.0,-0.0414,0
2358506.0,-0.0298,0
2358519.0,-0.0248,0
2358532.0,-0.0061,0
2358546.0,-0.0096,0
2358559.0,-0.019,0
2358572.0,-0.0313,0
2358586.0,-0.04,0
2358599.0,0.0,0
2358612.0,-0.017,0
2358626.0,-0.0204,0
2358639.0,-0.0068,0
2358652.0,0.0079,0
2358666.0,0.0,0
2358679.0,0.0132,0
2358692.0,-0.0142,0
2358706.0,-0.0075,0
2358719.0,-0.0243,0
2358732.0,-0.0034,0
2358746.0,-0.0106,0
2358759.0,-0.0037,0
2358772.0,0.0082,0
2358786.0,0.0255,0
2358799.0,0.0372,0
2358812.0,0.0298,0
2358826.0,0.0406,0
2358839.0,0.0315,0
2358866.0,-0.0034,0
2358879.0,0.0,0
2358892.0,0.0035,0
2358906.0,0.0139,0
2358919.0,0.0098,0
2358932.0,0.0294,0
2358946.0,0.0126,0
2358959.0,0.0043,0
2358972.0,0.0098,0
2358986.0,0.0262,0
2358999.0,0.0143,0
2359012.0,0.0098,0
2359026.0,0.017,0
2359039.0,0.006,0
2359052.0,-0.007,0
2359066.0,0.0143,0
2359079.0,0.0166,0
2359092.0,-0.014,0
2359106.0,0.0243,0
2359119.0,0.0235,0
2359132.0,0.0054,0
2359146.0,-0.0109,0
2359159.0,-0.0138,0
2359172.0,0.0041,0
2359186.0,0.0,0
2359199.0,0.0094,0
2359212.0,0.0166,0
2359226.0,0.0071,0
2359239.0,-0.0191,0
2359252.0,0.0,0
2359266.0,-0.0074,0
2359279.0,-0.0255,0
2359292.0,-0.0152,0
2359306.0,-0.0078,0
2359319.0,-0.0094,0
2359332.0,-0.0031,0
2359346.0,-0.0153,0
2359359.0,-0.0104,0
2359372.0,-0.0162,0
2359386.0,-0.0182,0
2359399.0,-0.0121,0
2359412.0,-0.0167,0
2359426.0,-0.0061,0
2359439.0,0.0279,0
2359452.0,0.0275,0
2359466.0,0.0048,0
2359479.0,0.0031,0
2359492.0,0.0072,0
2359506.0,0.013,0
2359519.0,0.0044,0
2359532.0,0.0189,0
2359546.0,0.0281,0
2359559.0,0.0072,0
2359572.0,0.0126,0
2359586.0,0.038,0
2359599.0,0.0095,0
2359612.0,-0.0043,0
2359626.0,0.0087,0
2359639.0,0.0021,0
2359652.0,0.006,0
2359666.0,-0.0021,0
2359679.0,0.0089,0
2359692.0,0.0104,0
2359706.0,0.0035,0
2359719.0,0.0092,0
2359732.0,0.0146,0
2359746.0,-0.0106,0
2359759.0,-0.0177,0
2359772.0,-0.004,0
2359786.0,0.0044,0
2359799.0,0.0322,0
2359812.0,0.026,0
2359826.0,0.0237,0
2359839.0,-0.0068,0
2359852.0,0.0028,0
2359866.0,-0.0206,0
2359879.0,-0.0267,0
2359892.0,-0.018,0
2359906.0,-0.024,0
2359919.0,-0.0296,0
2359932.0,-0.0292,0
2359946.0,-0.0089,0
2359959.0,0.0,0
2359972.0,-0.0044,0
2359986.0,-0.0231,0
2359999.0,-0.0243,0
2360012.0,-0.0298,0
2360026.0,0.0109,0
2360039.0,0.0119,0
2360052.0,-0.0194,0
2360066.0,-0.0254,0
2360079.0,0.0,0
2360092.0,0.0207,0
2360106.0,0.0048,0
2360119.0,-0.0142,0
2360132.0,0.0091,0
2360146.0,-0.0026,0
2360159.0,-0.0113,0
2360172.0,-0.0085,0
2360186.0,-0.0033,0
2360199.0,0.0,0
2360212.0,0.0245,0
2360226.0,0.0201,0
2360239.0,0.018,0
2360252.0,0.0065,0
2360266.0,0.0243,0
2360279.0,0.0187,0
2360292.0,0.0296,0
2360306.0,0.014,0
2360319.0,0.0211,0
2360332.0,0.0353,0
2360346.0,0.0261,0
2360359.0,0.0023,0
2360372.0,-0.0033,0
2360386.0,0.0218,0
2360399.0,0.0203,0
2360412.0,-0.0024,0
2360426.0,-0.0098,0
2360439.0,0.0,0
2360452.0,0.0174,0
2360466.0,0.0033,0
2360479.0,0.0,0
2360492.0,0.0136,0
2360506.0,-0.0282,0
2360519.0,-0.0294,0
2360532.0,-0.0085,0
2360546.0,0.0023,0
2360559.0,0.0,0
2360572.0,-0.0149,0
2360586.0,-0.0301,0
2360599.0,-0.0292,0
2360612.0,-0.0132,0
2360626.0,-0.0084,0
2360639.0,-0.0142,0
2360652.0,-0.0194,0
2360666.0,-0.0176,0
2360679.0,-0.0386,0
2360692.0,-0.0064,0
2360706.0,-0.018,0
2360719.0,0.0,0
2360732.0,0.0275,0
2360746.0,-0.0138,0
2360759.0,-0.006,0
2360772.0,0.0146,0
2360786.0,0.0045,0
2360799.0,-0.014,0
2360812.0,-0.0163,0
2360826.0,-0.0087,0
2360839.0,0.005,0
2360852.0,0.0173,0
2360866.0,0.0176,0
2360879.0,0.0091,0
2360892.0,0.0136,0
2360906.0,0.0157,0
2360919.0,0.0072,0
2360932.0,0.0209,0
2360946.0,0.0251,0
2360959.0,0.0329,0
2360972.0,0.0157,0
2360986.0,0.0316,0
2360999.0,0.0467,0
2361012.0,0.0311,0
2361026.0,0.0313,0
2361039.0,0.0081,0
2361052.0,0.0149,0
2361066.0,0.0296,0
2361079.0,0.025,0
2361092.0,0.021,0
2361106.0,0.0162,0
2361119.0,0.0155,0
2361132.0,0.0153,0
2361146.0,0.0218,0
2361159.0,-0.0121,0
2361172.0,0.0109,0
2361186.0,0.0166,0
2361199.0,0.0237,0
2361212.0,0.0106,0
2361226.0,-0.0233,0
2361239.0,-0.0089,0
2361252.0,-0.0237,0
2361266.0,-0.0264,0
2361279.0,-0.0247,0
2361292.0,0.0,0
2361306.0,-0.0285,0
2361319.0,-0.0295,0
2361332.0,-0.0235,0
2361346.0,-0.0197,0
2361359.0,-0.0226,0
2361386.0,0.0038,0
2361399.0,0.0,0
2361412.0,-0.0051,0
2361426.0,-0.0209,0
2361439.0,-0.0108,0
2361452.0,-0.0058,0
2361466.0,0.0,0
2361479.0,0.0123,0
2361492.0,0.017,0
2361506.0,-0.0033,0
2361519.0,-0.0048,0
2361532.0,0.0115,0
2361546.0,0.0,0
2361559.0,-0.0126,0
2361572.0,-0.0162,0
2361586.0,-0.0037,0
2361599.0,-0.0149,0
2361612.0,-0.0052,0
2361626.0,-0.0027,0
2361639.0,0.0081,0
2361652.0,0.0184,0
2361666.0,0.0,0
2361679.0,0.0322,0
2361692.0,0.0096,0
2361706.0,0.0156,0
2361719.0,0.023,0
2361732.0,0.0206,0
2361746.0,0.0166,0
2361759.0,0.0199,0
2361772.0,0.0438,0
2361786.0,0.023,0
2361799.0,0.0,0
2361812.0,0.0218,0
2361826.0,0.0201,0
2361839.0,0.0139,0
2361852.0,-0.0113,0
2361866.0,-0.0074,0
2361879.0,0.0071,0
2361892.0,0.0061,0
2361906.0,0.0217,0
2361919.0,0.0088,0
2361932.0,-0.04,0
2361946.0,-0.0111,0
2361959.0,-0.0077,0
2361972.0,0.0037,0
2361986.0,0.0,0
2361999.0,0.0027,0
2362012.0,-0.0146,0
2362026.0,-0.0033,0
2362039.0,-0.0095,0
2362052.0,0.0068,0
2362066.0,0.0054,0
2362079.0,-0.0322,0
2362092.0,-0.0122,0
2362106.0,0.0,0
2362119.0,0.004,0
2362132.0,-0.0061,0
2362146.0,-0.0122,0
2362159.0,0.0078,0
2362172.0,-0.0026,0
2362186.0,-0.0098,0
2362199.0,0.0084,0
2362212.0,0.018,0
2362226.0,0.007,0
2362239.0,0.0149,0
2362252.0,0.0129,0
2362266.0,0.0289,0
2362279.0,0.023,0
2362292.0,0.0172,0
2362306.0,0.0102,0
2362319.0,0.0357,0
2362332.0,0.0301,0
2362346.0,0.018,0
2362359.0,0.0081,0
2362372.0,0.0095,0
2362399.0,0.0389,0
2362412.0,0.0224,0
2362426.0,0.0172,0
2362439.0,0.0123,0
2362452.0,0.0167,0
2362466.0,0.0089,0
2362479.0,-0.004,0
2362492.0,0.0245,0
2362506.0,0.1312,0
2362519.0,0.025,0
2362532.0,0.0468,0
2362546.0,0.0482,0
2362559.0,-0.0957,0
2362572.0,0.0582,0
2362586.0,0.1121,0
2362599.0,-0.1407,0
2362612.0,-0.1424,0
2362626.0,0.2767,0
2362639.0,-0.1304,0
2362652.0,-0.2238,0
2362666.0,0.1457,0
2362679.0,0.2817,0
2362692.0,0.0606,0
2362706.0,0.0268,0
2362719.0,0.2079,0
2362732.0,0.1899,0
2362746.0,0.0,0
2362759.0,-0.0626,0
2362772.0,0.1353,0
2362786.0,0.1125,0
2362799.0,-0.0384,0
2362812.0,0.0479,0
2362826.0,0.1155,0
2362839.0,0.0861,0
2362852.0,0.0113,0
2362866.0,0.016,0
2362879.0,0.0282,0
2362892.0,-0.0586,0
2362906.0,-0.1413,0
2362919.0,-0.0699,0
2362932.0,0.0179,0
2362946.0,-0.0633,0
2362959.0,-0.1179,0
2362972.0,-0.0054,0
2362986.0,0.0797,0
2362999.0,0.018,0
2363012.0,0.0372,0
2363026.0,0.2725,0
2363039.0,0.221,0
2363052.0,0.2424,0
2363066.0,0.241,0
2363079.0,0.2818,0
2363092.0,0.335,0
2363106.0,0.2948,0
2363119.0,0.2604,0
2363132.0,0.3092,0
2363146.0,0.276,0
2363159.0,0.2315,0
2363172.0,0.2406,0
2363186.0,0.2409,0
2363199.0,0.1264,0
2363212.0,0.193,0
2363226.0,0.2159,0
2363239.0,0.2238,0
2363252.0,0.2149,0
2363266.0,0.222,0
2363279.0,0.1572,0
2363292.0,0.2009,0
2363306.0,0.1695,0
2363319.0,0.1494,0
2363332.0,0.1387,0
2363346.0,0.2455,0
2363359.0,0.1464,0
2363372.0,0.1759,0
2363386.0,0.1892,0
2363399.0,0.2308,0
2363412.0,0.2705,0
2363426.0,0.1698,0
2363439.0,0.1613,0
2363452.0,0.2481,0
2363466.0,0.215,0
2363479.0,0.1719,0
2363492.0,0.1426,0
2363506.0,0.2728,0
2363519.0,0.1662,0
2363532.0,0.1443,0
2363546.0,0.1621,0
2363559.0,0.2108,0
2363572.0,0.2197,0
2363586.0,0.2016,0
2363599.0,0.1548,0
2363612.0,0.2898,0
2363626.0,0.3062,0
2363639.0,0.2789,0
2363652.0,0.2787,0
2363666.0,0.3477,0
2363679.0,0.3238,0
2363692.0,0.3501,0
2363706.0,0.3077,0
2363719.0,0.378,0
2363732.0,0.407,0
2363746.0,0.2716,0
2363759.0,0.2491,0
2363772.0,0.3515,0
2363786.0,0.2255,0
2363799.0,0.2034,0
2363812.0,0.2515,0
2363826.0,0.2423,0
2363839.0,0.146,0
2363852.0,0.1996,0
2363866.0,0.1933,0
2363879.0,0.2574,0
2363892.0,0.2081,0
2363906.0,0.3332,0
2363919.0,0.3658,0
2363932.0,0.4349,0
2363946.0,0.363,0
2363959.0,0.4282,0
2363972.0,0.5384,0
2363986.0,0.5291,0
2363999.0,0.4424,0
2364012.0,0.5803,0
2364026.0,0.5618,0
2364039.0,0.5177,0
2364052.0,0.4972,0
2364066.0,0.5261,0
2364079.0,0.4352,0
2364092.0,0.4409,0
2364106.0,0.3756,0
2364119.0,0.4474,0
2364132.0,0.32,0
2364146.0,0.367,0
2364159.0,0.3538,0
2364172.0,0.3311,0
2364186.0,0.2279,0
2364199.0,0.2806,0
2364212.0,0.2756,0
2364226.0,0.2816,0
2364239.0,0.2156,0
2364252.0,0.3549,0
2364266.0,0.3177,0
2364279.0,0.2499,0
2364292.0,0.3372,0
2364306.0,0.44,0
2364319.0,0.3803,0
2364332.0,0.3965,0
2364346.0,0.3691,0
2364359.0,0.4224,0
2364372.0,0.4543,0
2364386.0,0.4488,0
2364399.0,0.4362,0
2364412.0,0.5106,0
2364426.0,0.4142,0
2364439.0,0.399,0
2364452.0,0.3796,0
2364466.0,0.3722,0
2364479.0,0.3628,0
2364492.0,0.4172,0
2364506.0,0.3129,0
2364519.0,0.3672,0
2364532.0,0.3852,0
2364546.0,0.3855,0
2364559.0,0.3207,0
2364572.0,0.4462,0
2364586.0,0.4664,0
2364599.0,0.4204,0
2364612.0,0.4099,0
2364626.0,0.5079,0
2364639.0,0.4979,0
2364652.0,0.4675,0
2364666.0,0.3827,0
2364679.0,0.4763,0
2364692.0,0.4194,0
2364706.0,0.3848,0
2364719.0,0.3224,0
2364732.0,0.4068,0
2364746.0,0.3404,0
2364759.0,0.3111,0
2364772.0,0.3085,0
2364786.0,0.3043,0
2364799.0,0.3207,0
2364812.0,0.3519,0
2364826.0,0.2204,0
2364839.0,0.3089,0
2364852.0,0.3424,0
2364866.0,0.3373,0
2364879.0,0.2974,0
2364892.0,0.4031,0
2364919.0,0.4766,0
2364932.0,0.4306,0
2364946.0,0.5099,0
2364959.0,0.5569,0
2364972.0,0.601,0
2364986.0,0.5519,0
2364999.0,0.558,0
2365012.0,0.5119,0
2365026.0,0.459,0
2365039.0,0.4123,0
2365052.0,0.445,0
2365066.0,0.3548,0
2365079.0,0.2833,0
2365092.0,0.2977,0
2365106.0,0.3213,0
2365119.0,0.2814,0
2365132.0,0.2877,0
2365146.0,0.3277,0
2365159.0,0.3207,0
2365172.0,0.2943,0
2365186.0,0.3332,0
2365199.0,0.3321,0
2365212.0,0.404,0
2365226.0,0.3974,0
2365239.0,0.3668,0
2365252.0,0.4027,0
2365266.0,0.4479,0
2365279.0,0.4823,0
2365292.0,0.4906,0
2365306.0,0.5779,0
2365319.0,0.5288,0
2365332.0,0.5304,0
2365346.0,0.5506,0
2365359.0,0.501,0
2365372.0,0.5379,0
2365386.0,0.5194,0
2365399.0,0.462,0
2365412.0,0.4521,0
2365426.0,0.4445,0
2365439.0,0.3943,0
2365452.0,0.4506,0
2365466.0,0.435,0
2365479.0,0.3765,0
2365492.0,0.4096,0
2365506.0,0.4318,0
2365519.0,0.3526,0
2365532.0,0.3864,0
2365546.0,0.4532,0
2365559.0,0.394,0
2365572.0,0.3996,0
2365586.0,0.4159,0
2365599.0,0.3996,0
2365612.0,0.4379,0
2365626.0,0.3999,0
2365639.0,0.3488,0
2365652.0,0.4092,0
2365666.0,0.3738,0
2365679.0,0.2909,0
2365692.0,0.3369,0
2365706.0,0.3496,0
2365719.0,0.2783,0
2365732.0,0.2979,0
2365746.0,0.3536,0
2365759.0,0.3736,0
2365772.0,0.3871,0
2365786.0,0.416,0
2365799.0,0.3867,0
2365812.0,0.4464,0
2365826.0,0.4715,0
2365839.0,0.421,0
2365852.0,0.5021,0
2365866.0,0.5513,0
2365879.0,0.5355,0
2365892.0,0.5519,0
2365906.0,0.5167,0
2365919.0,0.5318,0
2365932.0,0.5403,0
2365946.0,0.5306,0
2365959.0,0.4614,0
2365972.0,0.553,0
2365986.0,0.514,0
2365999.0,0.4645,0
2366012.0,0.5102,0
2366026.0,0.4922,0
2366039.0,0.4302,0
2366052.0,0.3892,0
2366066.0,0.3555,0
2366079.0,0.3858,0
2366092.0,0.4302,0
2366106.0,0.3921,0
2366119.0,0.3479,0
2366132.0,0.4321,0
2366146.0,0.4322,0
2366159.0,0.3864,0
2366172.0,0.4506,0
2366186.0,0.4875,0
2366199.0,0.4579,0
2366212.0,0.5118,0
2366226.0,0.4823,0
2366239.0,0.4845,0
2366252.0,0.4705,0
2366266.0,0.525,0
2366279.0,0.4095,0
2366292.0,0.4366,0
2366306.0,0.4946,0
2366319.0,0.5014,0
2366332.0,0.4413,0
2366346.0,0.4769,0
2366359.0,0.4818,0
2366372.0,0.4603,0
2366386.0,0.3172,0
2366399.0,0.3838,0
2366412.0,0.4132,0
2366426.0,0.4204,0
2366439.0,0.3782,0
2366452.0,0.4323,0
2366466.0,0.4495,0
2366479.0,0.4594,0
2366492.0,0.355,0
2366506.0,0.4391,0
2366519.0,0.4041,0
2366532.0,0.415,0
2366546.0,0.3284,0
2366559.0,0.3162,0
2366572.0,0.4213,0
2366586.0,0.401,0
2366599.0,0.3033,0
2366612.0,0.4407,0
2366626.0,0.3828,0
2366639.0,0.3647,0
2366652.0,0.3776,0
2366666.0,0.4411,0
2366679.0,0.4169,0
2366692.0,0.4586,0
2366706.0,0.4136,0
2366719.0,0.4891,0
2366732.0,0.4437,0
2366746.0,0.56,0
2366759.0,0.4801,0
2366772.0,0.5009,0
2366786.0,0.4757,0
2366799.0,0.5245,0
2366812.0,0.4183,0
2366826.0,0.4854,0
2366839.0,0.4174,0
2366852.0,0.4235,0
2366866.0,0.3983,0
2366879.0,0.4075,0
2366892.0,0.3823,0
2366906.0,0.3345,0
2366919.0,0.3401,0
2366932.0,0.477,0
2366946.0,0.3268,0
2366959.0,0.2777,0
2366972.0,0.4007,0
2366986.0,0.413,0
2366999.0,0.3318,0
2367012.0,0.393,0
2367026.0,0.4166,0
2367039.0,0.4399,0
2367052.0,0.4204,0
2367066.0,0.5119,0
2367079.0,0.4607,0
2367092.0,0.498,0
2367106.0,0.4292,0
2367119.0,0.5048,0
2367132.0,0.4328,0
2367146.0,0.4609,0
2367159.0,0.4403,0
2367172.0,0.5203,0
2367186.0,0.4255,0
2367199.0,0.4607,0
2367212.0,0.4489,0
2367226.0,0.4896,0
2367239.0,0.4352,0
2367252.0,0.4977,0
2367266.0,0.4482,0
2367279.0,0.5374,0
2367292.0,0.4884,0
2367306.0,0.5688,0
2367319.0,0.5102,0
2367332.0,0.5365,0
2367346.0,0.5044,0
2367359.0,0.4557,0
2367372.0,0.437,0
2367386.0,0.5414,0
2367399.0,0.4363,0
2367412.0,0.42,0
2367426.0,0.4047,0
2367439.0,0.4245,0
2367452.0,0.384,0
2367466.0,0.366,0
2367479.0,0.3272,0
2367492.0,0.4607,0
2367506.0,0.362,0
2367519.0,0.3861,0
2367532.0,0.4165,0
2367546.0,0.4174,0
2367559.0,0.4018,0
2367572.0,0.4977,0
2367586.0,0.4553,0
2367599.0,0.4938,0
2367612.0,0.4755,0
2367626.0,0.4579,0
2367639.0,0.4549,0
2367652.0,0.5016,0
2367666.0,0.5037,0
2367679.0,0.4725,0
2367692.0,0.4096,0
2367706.0,0.4444,0
2367719.0,0.4557,0
2367732.0,0.4393,0
2367746.0,0.4722,0
2367759.0,0.423,0
2367772.0,0.3814,0
2367786.0,0.4254,0
2367799.0,0.3552,0
2367812.0,0.3732,0
2367826.0,0.3993,0
2367839.0,0.318,0
2367852.0,0.384,0
2367866.0,0.438,0
2367879.0,0.3325,0
2367892.0,0.3614,0
2367906.0,0.4767,0
2367919.0,0.4312,0
2367932.0,0.4248,0
2367946.0,0.4735,0
2367959.0,0.5488,0
2367972.0,0.6023,0
2367986.0,0.5391,0
2367999.0,0.505,0
2368012.0,0.5777,0
2368026.0,0.6494,0
2368039.0,0.478,0
2368052.0,0.4499,0
2368066.0,0.6121,0
2368079.0,0.4584,0
2368092.0,0.4538,0
2368106.0,0.5052,0
2368119.0,0.4526,0
2368132.0,0.5484,0
2368146.0,0.4311,0
2368159.0,0.4522,0
2368172.0,0.574,0
2368186.0,0.5177,0
2368199.0,0.4211,0
2368212.0,0.4862,0
2368226.0,0.5227,0
2368239.0,0.4098,0
2368252.0,0.4452,0
2368266.0,0.4807,0
2368279.0,0.453,0
2368292.0,0.4597,0
2368306.0,0.5184,0
2368319.0,0.4543,0
2368332.0,0.4165,0
2368346.0,0.3991,0
2368359.0,0.3979,0
2368372.0,0.4609,0
2368386.0,0.382,0
2368399.0,0.3631,0
2368412.0,0.3706,0
2368426.0,0.3647,0
2368439.0,0.3828,0
2368452.0,0.4186,0
2368466.0,0.4169,0
2368479.0,0.3901,0
2368492.0,0.4291,0
2368506.0,0.447,0
2368519.0,0.444,0
2368532.0,0.4458,0
2368546.0,0.5479,0
2368559.0,0.4654,0
2368572.0,0.4523,0
2368586.0,0.4611,0
2368599.0,0.5169,0
2368612.0,0.553,0
2368626.0,0.5187,0
2368639.0,0.4495,0
2368652.0,0.5374,0
2368666.0,0.5304,0
2368679.0,0.493,0
2368692.0,0.5177,0
2368706.0,0.5932,0
2368719.0,0.5231,0
2368732.0,0.4814,0
2368746.0,0.4004,0
2368759.0,0.4691,0
2368772.0,0.5243,0
2368786.0,0.3674,0
2368799.0,0.358,0
2368812.0,0.4393,0
2368826.0,0.3921,0
2368839.0,0.358,0
2368852.0,0.4186,0
2368866.0,0.4838,0
2368879.0,0.4199,0
2368892.0,0.4894,0
2368906.0,0.4711,0
2368919.0,0.5186,0
2368932.0,0.4755,0
2368946.0,0.5119,0
2368959.0,0.4723,0
2368972.0,0.5261,0
2368986.0,0.5031,0
2368999.0,0.4406,0
2369012.0,0.4176,0
2369026.0,0.5044,0
2369039.0,0.3671,0
2369052.0,0.3716,0
2369066.0,0.36,0
2369079.0,0.4018,0
2369092.0,0.3129,0
2369106.0,0.3452,0
2369119.0,0.3148,0
2369132.0,0.4104,0
2369146.0,0.3617,0
2369159.0,0.3294,0
2369172.0,0.3635,0
2369186.0,0.4119,0
2369199.0,0.3645,0
2369212.0,0.4058,0
2369226.0,0.4081,0
2369239.0,0.4183,0
2369252.0,0.4251,0
2369266.0,0.4634,0
2369279.0,0.442,0
2369292.0,0.5321,0
2369306.0,0.4651,0
2369319.0,0.4577,0
2369332.0,0.437,0
2369346.0,0.515,0
2369359.0,0.4783,0
2369372.0,0.4928,0
2369386.0,0.4224,0
2369399.0,0.4539,0
2369412.0,0.4309,0
2369426.0,0.4738,0
2369439.0,0.3723,0
2369452.0,0.4132,0
2369466.0,0.446,0
2369479.0,0.4492,0
2369492.0,0.4433,0
2369506.0,0.5061,0
2369519.0,0.4149,0
2369532.0,0.5058,0
2369546.0,0.5186,0
2369559.0,0.4929,0
2369572.0,0.583,0
2369586.0,0.5389,0
2369599.0,0.4081,0
2369612.0,0.5084,0
2369626.0,0.4837,0
2369639.0,0.482,0
2369652.0,0.3847,0
2369666.0,0.4942,0
2369679.0,0.4584,0
2369692.0,0.4191,0
2369706.0,0.3603,0
2369719.0,0.4226,0
2369732.0,0.4142,0
2369746.0,0.4591,0
2369759.0,0.3797,0
2369772.0,0.4723,0
2369786.0,0.4705,0
2369799.0,0.4443,0
2369812.0,0.427,0
2369826.0,0.5458,0
2369839.0,0.4979,0
2369852.0,0.4681,0
2369866.0,0.4149,0
2369879.0,0.4889,0
2369892.0,0.4148,0
2369906.0,0.4803,0
2369919.0,0.5326,0
2369932.0,0.5974,0
2369946.0,0.4627,0
2369959.0,0.4918,0
2369972.0,0.4929,0
2369986.0,0.5399,0
2369999.0,0.4156,0
2370012.0,0.4352,0
2370026.0,0.4889,0
2370039.0,0.453,0
2370052.0,0.4304,0
2370066.0,0.4617,0
2370079.0,0.4191,0
2370092.0,0.437,0
2370106.0,0.3847,0
2370119.0,0.3743,0
2370132.0,0.427,0
2370146.0,0.4261,0
2370159.0,0.3645,0
2370172.0,0.4613,0
2370186.0,0.4597,0
2370199.0,0.4294,0
2370212.0,0.4223,0
2370226.0,0.4817,0
2370239.0,0.4553,0
2370252.0,0.4837,0
2370266.0,0.446,0
2370279.0,0.4655,0
2370292.0,0.4169,0
2370306.0,0.4129,0
2370319.0,0.407,0
2370332.0,0.5089,0
2370346.0,0.4218,0
2370359.0,0.4052,0
2370372.0,0.4671,0
2370386.0,0.5094,0
2370399.0,0.4224,0
2370412.0,0.4715,0
2370426.0,0.5146,0
2370439.0,0.4888,0
2370452.0,0.3991,0
2370466.0,0.4007,0
2370479.0,0.436,0
2370492.0,0.5071,0
2370506.0,0.4172,0
2370519.0,0.3925,0
2370532.0,0.4013,0
2370546.0,0.4729,0
2370559.0,0.3694,0
2370572.0,0.4078,0
2370586.0,0.4523,0
2370599.0,0.3908,0
2370612.0,0.3762,0
2370626.0,0.4315,0
2370639.0,0.4061,0
2370652.0,0.4095,0
2370666.0,0.398,0
2370679.0,0.3925,0
2370692.0,0.4155,0
2370706.0,0.3489,0
2370719.0,0.2933,0
2370732.0,0.4109,0
2370746.0,0.3962,0
2370759.0,0.3434,0
2370772.0,0.4075,0
2370786.0,0.4482,0
2370799.0,0.3861,0
2370812.0,0.4362,0
2370826.0,0.4888,0
2370839.0,0.4285,0
2370852.0,0.4123,0
2370866.0,0.4816,0
2370879.0,0.4579,0
2370892.0,0.4377,0
2370906.0,0.4196,0
2370919.0,0.3904,0
2370932.0,0.4209,0
2370946.0,0.414,0
2370959.0,0.3305,0
2370972.0,0.3989,0
2370986.0,0.424,0
2370999.0,0.3448,0
2371012.0,0.4373,0
2371026.0,0.4092,0
2371039.0,0.3793,0
2371052.0,0.4562,0
2371066.0,0.4062,0
2371079.0,0.38,0
2371092.0,0.3933,0
2371106.0,0.3923,0
2371119.0,0.3855,0
2371132.0,0.4352,0
2371146.0,0.4323,0
2371159.0,0.3355,0
2371172.0,0.3916,0
2371186.0,0.4437,0
2371199.0,0.4169,0
2371212.0,0.4203,0
2371226.0,0.5235,0
2371239.0,0.4662,0
2371252.0,0.4508,0
2371266.0,0.4211,0
2371279.0,0.3935,0
2371292.0,0.438,0
2371306.0,0.414,0
2371319.0,0.354,0
2371332.0,0.4116,0
2371346.0,0.3935,0
2371359.0,0.3984,0
2371372.0,0.4228,0
2371386.0,0.5017,0
2371399.0,0.4479,0
2371412.0,0.4966,0
2371426.0,0.5088,0
2371439.0,0.4871,0
2371452.0,0.4865,0
2371466.0,0.4813,0
2371479.0,0.3679,0
2371492.0,0.4461,0
2371506.0,0.3929,0
2371519.0,0.3807,0
2371532.0,0.4214,0
2371546.0,0.4563,0
2371559.0,0.4411,0
2371572.0,0.5011,0
2371586.0,0.384,0
2371599.0,0.3787,0
2371612.0,0.4667,0
2371626.0,0.4827,0
2371639.0,0.3826,0
2371652.0,0.4203,0
2371666.0,0.4591,0
2371679.0,0.4464,0
2371692.0,0.3335,0
2371706.0,0.4482,0
2371719.0,0.4285,0
2371732.0,0.4153,0
2371746.0,0.337,0
2371759.0,0.3957,0
2371772.0,0.4033,0
2371786.0,0.4216,0
2371799.0,0.3818,0
2371812.0,0.4383,0
2371826.0,0.4279,0
2371839.0,0.4062,0
2371852.0,0.3557,0
2371866.0,0.383,0
2371879.0,0.3651,0
2371892.0,0.4671,0
2371906.0,0.3626,0
2371919.0,0.3313,0
2371932.0,0.4155,0
2371946.0,0.4583,0
2371959.0,0.3272,0
2371972.0,0.3614,0
2371986.0,0.3426,0
2371999.0,0.4173,0
2372012.0,0.3213,0
2372026.0,0.4035,0
2372039.0,0.4074,0
2372052.0,0.4199,0
2372066.0,0.3477,0
2372092.0,0.3628,0
2372106.0,0.401,0
2372119.0,0.2843,0
2372132.0,0.3051,0
2372146.0,0.3057,0
2372159.0,0.423,0
2372172.0,0.3339,0
2372186.0,0.4306,0
2372199.0,0.4878,0
2372212.0,0.5671,0
2372226.0,0.4831,0
2372239.0,0.5184,0
2372252.0,0.5153,0
2372266.0,0.5628,0
2372279.0,0.3989,0
2372292.0,0.3823,0
2372306.0,0.46,0
2372319.0,0.3783,0
2372332.0,0.2935,0
2372346.0,0.4411,0
2372359.0,0.4024,0
2372372.0,0.4251,0
2372386.0,0.2997,0
2372399.0,0.419,0
2372412.0,0.4814,0
2372426.0,0.4864,0
2372439.0,0.3908,0
2372452.0,0.4593,0
2372466.0,0.5976,0
2372479.0,0.4668,0
2372492.0,0.3418,0
2372506.0,0.4572,0
2372519.0,0.4515,0
2372532.0,0.4363,0
2372546.0,0.3519,0
2372559.0,0.4289,0
2372572.0,0.3814,0
2372586.0,0.3504,0
2372599.0,0.2593,0
2372612.0,0.3548,0
2372626.0,0.3682,0
2372639.0,0.3033,0
2372652.0,0.2878,0
2372666.0,0.3888,0
2372679.0,0.3894,0
2372692.0,0.4251,0
2372706.0,0.3641,0
2372719.0,0.4244,0
2372732.0,0.3729,0
2372746.0,0.4047,0
2372759.0,0.3452,0
2372772.0,0.3393,0
2372786.0,0.4055,0
2372799.0,0.3614,0
2372812.0,0.3132,0
2372826.0,0.3728,0
2372839.0,0.4304,0
2372852.0,0.5017,0
2372866.0,0.3953,0
2372879.0,0.4339,0
2372892.0,0.4549,0
2372906.0,0.4329,0
2372919.0,0.3217,0
2372932.0,0.3857,0
2372946.0,0.4413,0
2372959.0,0.3156,0
2372972.0,0.3369,0
2372986.0,0.4376,0
2372999.0,0.395,0
2373012.0,0.3867,0
2373026.0,0.3793,0
2373039.0,0.4013,0
2373052.0,0.3695,0
2373066.0,0.3773,0
2373079.0,0.385,0
2373092.0,0.5394,0
2373106.0,0.4518,0
2373119.0,0.443,0
2373132.0,0.4867,0
2373146.0,0.4948,0
2373159.0,0.3919,0
2373172.0,0.382,0
2373186.0,0.4187,0
2373199.0,0.4098,0
2373212.0,0.3871,0
2373226.0,0.4118,0
2373239.0,0.4133,0
2373252.0,0.5193,0
2373266.0,0.467,0
2373279.0,0.4635,0
2373292.0,0.4716,0
2373306.0,0.4193,0
2373319.0,0.3809,0
2373332.0,0.4658,0
2373346.0,0.3912,0
2373359.0,0.3746,0
2373372.0,0.3518,0
2373386.0,0.3678,0
2373399.0,0.3746,0
2373412.0,0.4055,0
2373426.0,0.3901,0
2373439.0,0.4003,0
2373452.0,0.4244,0
2373466.0,0.4321,0
2373479.0,0.3987,0
2373492.0,0.4719,0
2373506.0,0.4715,0
2373519.0,0.4143,0
2373532.0,0.4113,0
2373546.0,0.4613,0
2373559.0,0.4831,0
2373572.0,0.4548,0
2373586.0,0.4796,0
2373599.0,0.4675,0
2373612.0,0.4396,0
2373626.0,0.3974,0
2373639.0,0.3935,0
2373652.0,0.4485,0
2373666.0,0.4631,0
2373679.0,0.3965,0
2373692.0,0.4213,0
2373706.0,0.4562,0
2373719.0,0.4674,0
2373732.0,0.4899,0
2373746.0,0.4752,0
2373759.0,0.4284,0
2373772.0,0.4566,0
2373786.0,0.4403,0
2373799.0,0.3838,0
2373812.0,0.435,0
2373826.0,0.446,0
2373839.0,0.3816,0
2373852.0,0.3955,0
2373866.0,0.4156,0
2373879.0,0.4326,0
2373892.0,0.5033,0
2373906.0,0.4352,0
2373919.0,0.4226,0
2373932.0,0.4672,0
2373946.0,0.4604,0
2373959.0,0.4583,0
2373972.0,0.4119,0
2373986.0,0.5233,0
2373999.0,0.4475,0
2374012.0,0.4224,0
2374026.0,0.3911,0
2374039.0,0.4424,0
2374052.0,0.3153,0
2374066.0,0.3838,0
2374079.0,0.3589,0
2374092.0,0.4153,0
2374106.0,0.3774,0
2374119.0,0.3189,0
2374132.0,0.3911,0
2374146.0,0.4326,0
2374159.0,0.3389,0
2374172.0,0.354,0
2374186.0,0.3662,0
2374199.0,0.4298,0
2374212.0,0.3567,0
2374226.0,0.4522,0
2374239.0,0.4271,0
2374252.0,0.4728,0
2374266.0,0.4071,0
2374279.0,0.3594,0
2374292.0,0.4169,0
2374306.0,0.4573,0
2374319.0,0.364,0
2374332.0,0.4165,0
2374346.0,0.4292,0
2374359.0,0.395,0
2374372.0,0.3302,0
2374386.0,0.385,0
2374399.0,0.4071,0
2374412.0,0.4719,0
2374426.0,0.4048,0
2374439.0,0.3898,0
2374452.0,0.5135,0
2374466.0,0.5409,0
2374479.0,0.4173,0
2374492.0,0.4672,0
2374506.0,0.5267,0
2374519.0,0.5566,0
2374532.0,0.3725,0
2374546.0,0.4811,0
2374559.0,0.4949,0
2374572.0,0.4926,0
2374586.0,0.3682,0
2374612.0,0.4379,0
2374626.0,0.4136,0
2374639.0,0.3267,0
2374652.0,0.4452,0
2374666.0,0.4302,0
2374679.0,0.4135,0
2374692.0,0.3835,0
2374706.0,0.466,0
2374719.0,0.4258,0
2374732.0,0.4218,0
2374746.0,0.3936,0
2374759.0,0.4823,0
2374772.0,0.4238,0
2374786.0,0.5106,0
2374799.0,0.4627,0
2374812.0,0.4577,0
2374826.0,0.3986,0
2374839.0,0.4104,0
2374852.0,0.3874,0
2374866.0,0.4658,0
2374879.0,0.3543,0
2374892.0,0.324,0
2374906.0,0.3447,0
2374919.0,0.3906,0
2374932.0,0.3194,0
2374946.0,0.4272,0
2374959.0,0.439,0
2374972.0,0.4522,0
2374986.0,0.4458,0
2374999.0,0.4905,0
2375012.0,0.447,0
2375026.0,0.4477,0
2375039.0,0.4248,0
2375052.0,0.5004,0
2375066.0,0.4163,0
2375079.0,0.3885,0
2375092.0,0.4452,0
2375106.0,0.5084,0
2375119.0,0.3911,0
2375132.0,0.4635,0
2375146.0,0.4955,0
2375159.0,0.499,0
2375172.0,0.4614,0
2375186.0,0.4885,0
2375199.0,0.4427,0
2375212.0,0.5074,0
2375226.0,0.4433,0
2375239.0,0.438,0
2375252.0,0.4621,0
2375266.0,0.4681,0
2375279.0,0.3823,0
2375292.0,0.4319,0
2375306.0,0.3348,0
2375319.0,0.4173,0
2375332.0,0.3569,0
2375346.0,0.3644,0
2375359.0,0.3529,0
2375372.0,0.387,0
2375386.0,0.4257,0
2375399.0,0.4145,0
2375412.0,0.3443,0
2375426.0,0.4028,0
2375439.0,0.398,0
2375452.0,0.4349,0
2375466.0,0.3994,0
2375479.0,0.3763,0
2375492.0,0.3962,0
2375506.0,0.4009,0
2375519.0,0.3126,0
2375532.0,0.4052,0
2375546.0,0.4132,0
2375559.0,0.3991,0
2375572.0,0.3609,0
2375586.0,0.4113,0
2375599.0,0.4374,0
2375612.0,0.4695,0
2375626.0,0.4451,0
2375639.0,0.4434,0
2375652.0,0.4765,0
2375666.0,0.4678,0
2375679.0,0.3746,0
2375692.0,0.4835,0
2375706.0,0.462,0
2375719.0,0.414,0
2375732.0,0.4099,0
2375746.0,0.4616,0
2375759.0,0.4174,0
2375772.0,0.4479,0
2375786.0,0.4322,0
2375799.0,0.4567,0
2375812.0,0.4511,0
2375826.0,0.4523,0
2375839.0,0.3865,0
2375852.0,0.4458,0
2375866.0,0.4583,0
2375879.0,0.4209,0
2375892.0,0.4722,0
2375906.0,0.5214,0
2375919.0,0.4557,0
2375932.0,0.4559,0
2375946.0,0.4974,0
2375959.0,0.5089,0
2375972.0,0.474,0
2375986.0,0.4811,0
2375999.0,0.441,0
2376012.0,0.4918,0
2376026.0,0.4523,0
2376039.0,0.3919,0
2376052.0,0.4214,0
2376066.0,0.4875,0
2376079.0,0.4211,0
2376092.0,0.4542,0
2376106.0,0.4638,0
2376119.0,0.4736,0
2376132.0,0.4404,0
2376146.0,0.4339,0
2376159.0,0.4599,0
2376172.0,0.4942,0
2376186.0,0.4921,0
2376199.0,0.5145,0
2376212.0,0.4106,0
2376226.0,0.3823,0
2376239.0,0.4089,0
2376252.0,0.4933,0
2376266.0,0.4092,0
2376279.0,0.374,0
2376292.0,0.427,0
2376306.0,0.4794,0
2376319.0,0.3999,0
2376332.0,0.4209,0
2376346.0,0.4875,0
2376359.0,0.3909,0
2376372.0,0.4278,0
2376386.0,0.4427,0
2376399.0,0.3569,0
2376426.0,0.4096,0
2376439.0,0.3213,0
2376452.0,0.359,0
2376466.0,0.3496,0
2376479.0,0.3535,0
2376492.0,0.3099,0
2376506.0,0.4311,0
2376519.0,0.402,0
2376532.0,0.3861,0
2376546.0,0.4146,0
2376559.0,0.4265,0
2376572.0,0.415,0
2376586.0,0.4872,0
2376599.0,0.4102,0
2376612.0,0.4217,0
2376626.0,0.4223,0
2376639.0,0.4482,0
2376652.0,0.3214,0
2376666.0,0.4536,0
2376679.0,0.4611,0
2376692.0,0.3765,0
2376706.0,0.3606,0
2376719.0,0.3528,0
2376732.0,0.3089,0
2376746.0,0.3339,0
2376759.0,0.2855,0
2376772.0,0.3516,0
2376786.0,0.375,0
2376799.0,0.296,0
2376812.0,0.3143,0
2376826.0,0.4105,0
2376839.0,0.3003,0
2376852.0,0.3153,0
2376866.0,0.3367,0
2376879.0,0.3967,0
2376892.0,0.3299,0
2376906.0,0.4071,0
2376919.0,0.4047,0
2376932.0,0.4555,0
2376946.0,0.418,0
2376959.0,0.354,0
2376972.0,0.4786,0
2376986.0,0.4294,0
2376999.0,0.3199,0
2377012.0,0.3678,0
2377026.0,0.3776,0
2377039.0,0.4184,0
2377052.0,0.2495,0
2377066.0,0.3511,0
2377079.0,0.4367,0
2377092.0,0.4872,0
2377106.0,0.3704,0
2377132.0,0.4434,0
2377146.0,0.4606,0
2377159.0,0.3606,0
2377172.0,0.4411,0
2377186.0,0.4433,0
2377199.0,0.4407,0
2377212.0,0.3762,0
2377226.0,0.4994,0
2377239.0,0.4696,0
2377252.0,0.5356,0
2377266.0,0.476,0
2377279.0,0.5705,0
2377292.0,0.5512,0
2377306.0,0.5284,0
2377319.0,0.4549,0
2377332.0,0.5445,0
2377346.0,0.5264,0
2377359.0,0.4616,0
2377372.0,0.4346,0
2377386.0,0.4715,0
2377399.0,0.4438,0
2377412.0,0.4739,0
2377426.0,0.4051,0
2377439.0,0.5017,0
2377452.0,0.4494,0
2377466.0,0.433,0
2377479.0,0.3899,0
2377492.0,0.5335,0
2377506.0,0.4223,0
2377519.0,0.4428,0
2377532.0,0.4699,0
2377546.0,0.5572,0
2377559.0,0.4157,0
2377572.0,0.4017,0
2377587.0,0.4336,0
2377601.0,0.4121,0
2377614.0,0.3536,0
2377627.0,0.3789,0
2377641.0,0.3357,0
2377654.0,0.4379,0
2377667.0,0.3532,0
2377681.0,0.4082,0
2377694.0,0.3533,0
2377707.0,0.3965,0
2377721.0,0.3448,0
2377734.0,0.376,0
2377747.0,0.4044,0
2377761.0,0.4133,0
2377774.0,0.3563,0
2377787.0,0.3672,0
2377801.0,0.3502,0
2377814.0,0.4471,0
2377827.0,0.3287,0
2377841.0,0.4054,0
2377854.0,0.3967,0
2377867.0,0.4013,0
2377881.0,0.381,0
2377894.0,0.4654,0
2377907.0,0.4182,0
2377921.0,0.4704,0
2377934.0,0.4359,0
2377947.0,0.453,0
2377961.0,0.4274,0
2377974.0,0.5328,0
2377987.0,0.4522,0
2378001.0,0.5217,0
2378014.0,0.4994,0
2378027.0,0.4755,0
2378041.0,0.3993,0
2378067.0,0.3624,0
2378081.0,0.3231,0
2378094.0,0.3322,0
2378107.0,0.3831,0
2378121.0,0.3031,0
2378134.0,0.3203,0
2378147.0,0.3112,0
2378161.0,0.3374,0
2378174.0,0.3521,0
2378187.0,0.3472,0
2378201.0,0.2879,0
2378214.0,0.3708,0
2378227.0,0.4138,0
2378241.0,0.3504,0
2378254.0,0.3877,0
2378267.0,0.465,0
2378281.0,0.3766,0
2378294.0,0.3435,0
2378307.0,0.406,0
2378321.0,0.4079,0
2378334.0,0.3565,0
2378347.0,0.3722,0
2378374.0,0.3572,0
2378387.0,0.3766,0
2378401.0,0.3671,0
2378414.0,0.3933,0
2378427.0,0.4993,0
2378441.0,0.377,0
2378454.0,0.3791,0
2378467.0,0.5088,0
2378481.0,0.4261,0
2378494.0,0.4108,0
2378507.0,0.4716,0
2378521.0,0.4852,0
2378534.0,0.3994,0
2378547.0,0.383,0
2378561.0,0.4129,0
2378574.0,0.4739,0
2378587.0,0.4814,0
2378601.0,0.4316,0
2378614.0,0.3997,0
2378627.0,0.4335,0
2378641.0,0.4172,0
2378654.0,0.3542,0
2378667.0,0.3692,0
2378681.0,0.4582,0
2378694.0,0.3616,0
2378707.0,0.3465,0
2378721.0,0.3623,0
2378734.0,0.3538,0
2378747.0,0.4359,0
2378761.0,0.4536,0
2378774.0,0.3868,0
2378787.0,0.4826,0
2378801.0,0.4437,0
2378814.0,0.4477,0
2378827.0,0.4626,0
2378841.0,0.4776,0
2378854.0,0.4343,0
2378867.0,0.3868,0
2378881.0,0.3359,0
2378894.0,0.3553,0
2378907.0,0.4091,0
2378921.0,0.3373,0
2378934.0,0.2921,0
2378947.0,0.4111,0
2378961.0,0.359,0
2378974.0,0.3393,0
2378987.0,0.378,0
2379001.0,0.3833,0
2379014.0,0.3201,0
2379027.0,0.3586,0
2379041.0,0.3481,0
2379054.0,0.3854,0
2379067.0,0.4172,0
2379081.0,0.3679,0
2379094.0,0.3011,0
2379107.0,0.3704,0
2379121.0,0.3488,0
2379134.0,0.3797,0
2379147.0,0.3607,0
2379161.0,0.4003,0
2379174.0,0.3235,0
2379187.0,0.3843,0
2379201.0,0.316,0
2379214.0,0.3481,0
2379227.0,0.3908,0
2379241.0,0.3925,0
2379254.0,0.2848,0
2379267.0,0.4006,0
2379281.0,0.3948,0
2379294.0,0.3627,0
2379307.0,0.3553,0
2379321.0,0.502,0
2379334.0,0.3966,0
2379347.0,0.3729,0
2379361.0,0.3414,0
2379374.0,0.418,0
2379387.0,0.3803,0
2379401.0,0.4308,0
2379414.0,0.2902,0
2379427.0,0.4152,0
2379441.0,0.3452,0
2379454.0,0.3174,0
2379467.0,0.3721,0
2379481.0,0.4321,0
2379494.0,0.362,0
2379507.0,0.4755,0
2379521.0,0.422,0
2379534.0,0.4728,0
2379547.0,0.4662,0
2379561.0,0.4664,0
2379574.0,0.397,0
2379587.0,0.4505,0
2379601.0,0.3338,0
2379614.0,0.4157,0
2379627.0,0.4549,0
2379641.0,0.4397,0
2379654.0,0.3552,0
2379667.0,0.4367,0
2379681.0,0.3948,0
2379694.0,0.3828,0
2379707.0,0.3416,0
2379721.0,0.364,0
2379734.0,0.314,0
2379747.0,0.4003,0
2379761.0,0.2677,0
2379774.0,0.2801,0
2379787.0,0.355,0
2379801.0,0.3393,0
2379814.0,0.2518,0
2379827.0,0.3857,0
2379841.0,0.3801,0
2379854.0,0.4284,0
2379867.0,0.3586,0
2379881.0,0.4723,0
2379894.0,0.4125,0
2379907.0,0.4172,0
2379921.0,0.3491,0
2379934.0,0.4023,0
2379947.0,0.4052,0
2379961.0,0.3827,0
2379974.0,0.2365,0
2379987.0,0.4169,0
2380001.0,0.3511,0
2380014.0,0.2841,0
2380027.0,0.3153,0
2380041.0,0.3292,0
2380054.0,0.2148,0
2380067.0,0.3482,0
2380081.0,0.2516,0
2380094.0,0.2942,0
2380107.0,0.3428,0
2380121.0,0.3626,0
2380134.0,0.3304,0
2380147.0,0.4786,0
2380161.0,0.3713,0
2380174.0,0.393,0
2380187.0,0.4366,0
2380201.0,0.4346,0
2380214.0,0.3257,0
2380227.0,0.4535,0
2380241.0,0.3674,0
2380254.0,0.3672,0
2380267.0,0.3523,0
2380281.0,0.4126,0
2380294.0,0.2838,0
2380307.0,0.347,0
2380321.0,0.3265,0
2380334.0,0.4077,0
2380347.0,0.3845,0
2380361.0,0.3545,0
2380374.0,0.382,0
2380387.0,0.5077,0
2380401.0,0.3633,0
2380414.0,0.4031,0
2380427.0,0.3948,0
2380441.0,0.4355,0
2380454.0,0.3372,0
2380467.0,0.3896,0
2380481.0,0.333,0
2380494.0,0.3987,0
2380507.0,0.3325,0
2380521.0,0.3457,0
2380534.0,0.3838,0
2380547.0,0.4637,0
2380561.0,0.3287,0
2380587.0,0.422,0
2380601.0,0.4679,0
2380614.0,0.4021,0
2380627.0,0.4586,0
2380641.0,0.3755,0
2380654.0,0.4126,0
2380667.0,0.3959,0
2380681.0,0.3989,0
2380694.0,0.3606,0
2380707.0,0.4494,0
2380721.0,0.3304,0
2380734.0,0.3452,0
2380747.0,0.4321,0
2380761.0,0.3793,0
2380774.0,0.3318,0
2380787.0,0.4967,0
2380801.0,0.4654,0
2380814.0,0.3908,0
2380827.0,0.4536,0
2380841.0,0.4967,0
2380854.0,0.487,0
2380867.0,0.5448,0
2380881.0,0.4048,0
2380894.0,0.4916,0
2380907.0,0.5183,0
2380921.0,0.4955,0
2380934.0,0.4121,0
2380947.0,0.514,0
2380961.0,0.4833,0
2380974.0,0.4062,0
2380987.0,0.3923,0
2381001.0,0.3835,0
2381014.0,0.3346,0
2381027.0,0.3882,0
2381041.0,0.3556,0
2381054.0,0.3102,0
2381067.0,0.3315,0
2381081.0,0.2974,0
2381094.0,0.261,0
2381107.0,0.4079,0
2381121.0,0.3396,0
2381134.0,0.2878,0
2381147.0,0.4006,0
2381161.0,0.4254,0
2381174.0,0.3447,0
2381187.0,0.4048,0
2381201.0,0.4698,0
2381214.0,0.3565,0
2381227.0,0.3957,0
2381241.0,0.3827,0
2381254.0,0.379,0
2381267.0,0.4428,0
2381281.0,0.3722,0
2381294.0,0.3318,0
2381307.0,0.3519,0
2381321.0,0.2776,0
2381334.0,0.305,0
2381347.0,0.4196,0
2381361.0,0.4235,0
2381374.0,0.3813,0
2381387.0,0.3901,0
2381401.0,0.4037,0
2381414.0,0.423,0
2381427.0,0.4638,0
2381441.0,0.5112,0
2381454.0,0.4122,0
2381467.0,0.4597,0
2381481.0,0.4661,0
2381494.0,0.5021,0
2381507.0,0.534,0
2381521.0,0.5294,0
2381534.0,0.4313,0
2381547.0,0.52,0
2381561.0,0.4696,0
2381574.0,0.4655,0
2381587.0,0.5333,0
2381601.0,0.5007,0
2381614.0,0.405,0
2381627.0,0.474,0
2381641.0,0.4393,0
2381654.0,0.4203,0
2381667.0,0.4383,0
2381681.0,0.4528,0
2381694.0,0.3437,0
2381707.0,0.4054,0
2381721.0,0.3662,0
2381734.0,0.341,0
2381747.0,0.3445,0
2381761.0,0.4233,0
2381774.0,0.3087,0
2381787.0,0.3437,0
2381801.0,0.3691,0
2381814.0,0.4087,0
2381827.0,0.4416,0
2381841.0,0.4278,0
2381854.0,0.4174,0
2381867.0,0.477,0
2381881.0,0.386,0
2381894.0,0.4075,0
2381907.0,0.4115,0
2381921.0,0.447,0
2381934.0,0.3712,0
2381947.0,0.4484,0
2381961.0,0.3844,0
2381974.0,0.3824,0
2381987.0,0.4174,0
2382001.0,0.4979,0
2382014.0,0.3935,0
2382027.0,0.46,0
2382041.0,0.4146,0
2382054.0,0.4712,0
2382067.0,0.5189,0
2382081.0,0.473,0
2382094.0,0.4282,0
2382107.0,0.514,0
2382121.0,0.4487,0
2382134.0,0.4548,0
2382147.0,0.4986,0
2382161.0,0.4896,0
2382174.0,0.3974,0
2382187.0,0.4997,0
2382201.0,0.4221,0
2382214.0,0.4549,0
2382227.0,0.4956,0
2382241.0,0.533,0
2382254.0,0.4333,0
2382267.0,0.3979,0
2382281.0,0.3576,0
2382294.0,0.4562,0
2382307.0,0.4277,0
2382321.0,0.4244,0
2382334.0,0.3421,0
2382347.0,0.5162,0
2382361.0,0.4308,0
2382374.0,0.363,0
2382401.0,0.5098,0
2382414.0,0.3624,0
2382427.0,0.4661,0
2382441.0,0.4084,0
2382454.0,0.4163,0
2382467.0,0.3965,0
2382481.0,0.4756,0
2382494.0,0.4169,0
2382507.0,0.4508,0
2382521.0,0.3504,0
2382534.0,0.4172,0
2382547.0,0.4075,0
2382561.0,0.4322,0
2382574.0,0.358,0
2382587.0,0.4933,0
2382601.0,0.4316,0
2382614.0,0.3488,0
2382627.0,0.3782,0
2382641.0,0.3753,0
2382654.0,0.2431,0
2382667.0,0.313,0
2382681.0,0.2108,0
2382694.0,0.2597,0
2382707.0,0.2729,0
2382721.0,0.3393,0
2382734.0,0.3001,0
2382747.0,0.4291,0
2382761.0,0.3688,0
2382774.0,0.414,0
2382787.0,0.3258,0
2382801.0,0.4348,0
2382814.0,0.3445,0
2382827.0,0.3733,0
2382841.0,0.2732,0
2382854.0,0.3644,0
2382867.0,0.2733,0
2382881.0,0.3521,0
2382894.0,0.2879,0
2382907.0,0.3759,0
2382921.0,0.3079,0
2382934.0,0.3902,0
2382947.0,0.3699,0
2382961.0,0.3855,0
2382974.0,0.364,0
2382987.0,0.4993,0
2383001.0,0.3682,0
2383014.0,0.3984,0
2383027.0,0.3957,0
2383041.0,0.3994,0
2383054.0,0.3956,0
2383067.0,0.4458,0
2383081.0,0.3258,0
2383107.0,0.4336,0
2383121.0,0.5072,0
2383134.0,0.4067,0
2383147.0,0.5035,0
2383161.0,0.4501,0
2383174.0,0.4502,0
2383187.0,0.4272,0
2383201.0,0.4481,0
2383214.0,0.4009,0
2383227.0,0.4708,0
2383241.0,0.3355,0
2383254.0,0.3957,0
2383267.0,0.4044,0
2383281.0,0.4227,0
2383294.0,0.3719,0
2383307.0,0.4977,0
2383321.0,0.4315,0
2383334.0,0.4143,0
2383347.0,0.4363,0
2383361.0,0.4194,0
2383374.0,0.3339,0
2383387.0,0.4841,0
2383401.0,0.4617,0
2383414.0,0.4292,0
2383427.0,0.4884,0
2383441.0,0.4806,0
2383454.0,0.4271,0
2383467.0,0.5713,0
2383481.0,0.5244,0
2383494.0,0.5282,0
2383507.0,0.5635,0
2383521.0,0.5616,0
2383534.0,0.5043,0
2383547.0,0.5668,0
2383561.0,0.5179,0
2383574.0,0.4454,0
2383587.0,0.4487,0
2383601.0,0.461,0
2383614.0,0.3566,0
2383627.0,0.4101,0
2383641.0,0.4599,0
2383654.0,0.3464,0
2383667.0,0.378,0
2383681.0,0.419,0
2383694.0,0.3467,0
2383707.0,0.4237,0
2383721.0,0.3604,0
2383734.0,0.3401,0
2383747.0,0.3801,0
2383761.0,0.3582,0
2383774.0,0.2898,0
2383787.0,0.3916,0
2383801.0,0.4211,0
2383814.0,0.3062,0
2383827.0,0.336,0
2383841.0,0.4071,0
2383854.0,0.347,0
2383867.0,0.3123,0
2383881.0,0.4233,0
2383894.0,0.3494,0
2383907.0,0.2982,0
2383921.0,0.3186,0
2383934.0,0.3089,0
2383947.0,0.3542,0
2383961.0,0.3007,0
2383974.0,0.253,0
2383987.0,0.315,0
2384001.0,0.2989,0
2384014.0,0.2709,0
2384027.0,0.3559,0
2384041.0,0.4075,0
2384054.0,0.344,0
2384067.0,0.3755,0
2384081.0,0.4183,0
2384094.0,0.4282,0
2384107.0,0.4512,0
2384121.0,0.5142,0
2384134.0,0.4472,0
2384147.0,0.4262,0
2384161.0,0.3769,0
2384174.0,0.3921,0
2384187.0,0.3875,0
2384201.0,0.4478,0
2384214.0,0.3072,0
2384227.0,0.3074,0
2384241.0,0.3635,0
2384254.0,0.3603,0
2384267.0,0.3991,0
2384281.0,0.4684,0
2384294.0,0.4194,0
2384307.0,0.4879,0
2384321.0,0.3895,0
2384334.0,0.3759,0
2384347.0,0.477,0
2384361.0,0.4508,0
2384374.0,0.3671,0
2384387.0,0.4584,0
2384401.0,0.487,0
2384414.0,0.4712,0
2384427.0,0.5041,0
2384441.0,0.5441,0
2384454.0,0.5218,0
2384467.0,0.524,0
2384481.0,0.4377,0
2384494.0,0.4956,0
2384507.0,0.5704,0
2384521.0,0.5191,0
2384534.0,0.4001,0
2384547.0,0.4637,0
2384561.0,0.4986,0
2384574.0,0.397,0
2384587.0,0.3594,0
2384601.0,0.4948,0
2384614.0,0.3671,0
2384627.0,0.4288,0
2384641.0,0.406,0
2384654.0,0.4241,0
2384667.0,0.5021,0
2384681.0,0.4963,0
2384694.0,0.3495,0
2384707.0,0.446,0
2384721.0,0.4155,0
2384734.0,0.3845,0
2384747.0,0.4213,0
2384761.0,0.414,0
2384774.0,0.3478,0
2384787.0,0.474,0
2384801.0,0.3718,0
2384814.0,0.3257,0
2384827.0,0.3671,0
2384841.0,0.453,0
2384854.0,0.2811,0
2384867.0,0.3411,0
2384881.0,0.3333,0
2384894.0,0.4233,0
2384921.0,0.4194,0
2384934.0,0.4062,0
2384947.0,0.4665,0
2384961.0,0.3359,0
2384974.0,0.3366,0
2384987.0,0.4197,0
2385001.0,0.4702,0
2385014.0,0.2662,0
2385027.0,0.3745,0
2385041.0,0.4688,0
2385054.0,0.4672,0
2385067.0,0.3577,0
2385081.0,0.4587,0
2385094.0,0.4028,0
2385107.0,0.4679,0
2385121.0,0.3474,0
2385134.0,0.3515,0
2385147.0,0.3287,0
2385161.0,0.4287,0
2385174.0,0.3533,0
2385187.0,0.3925,0
2385201.0,0.353,0
2385214.0,0.4304,0
2385227.0,0.3434,0
2385241.0,0.4423,0
2385254.0,0.4003,0
2385267.0,0.4901,0
2385281.0,0.4006,0
2385294.0,0.4125,0
2385307.0,0.4557,0
2385321.0,0.4655,0
2385334.0,0.3791,0
2385347.0,0.5248,0
2385361.0,0.4614,0
2385374.0,0.4535,0
2385387.0,0.5044,0
2385401.0,0.554,0
2385414.0,0.4658,0
2385427.0,0.5616,0
2385441.0,0.5289,0
2385454.0,0.6001,0
2385467.0,0.4397,0
2385481.0,0.5414,0
2385494.0,0.439,0
2385507.0,0.522,0
2385521.0,0.441,0
2385534.0,0.4736,0
2385547.0,0.5023,0
2385561.0,0.5014,0
2385574.0,0.4041,0
2385587.0,0.5583,0
2385601.0,0.4794,0
2385627.0,0.4799,0
2385641.0,0.5366,0
2385654.0,0.4654,0
2385667.0,0.5372,0
2385681.0,0.4113,0
2385694.0,0.494,0
2385707.0,0.4423,0
2385721.0,0.4452,0
2385734.0,0.387,0
2385747.0,0.4962,0
2385761.0,0.3631,0
2385774.0,0.4478,0
2385787.0,0.3807,0
2385801.0,0.4295,0
2385814.0,0.3946,0
2385827.0,0.4749,0
2385841.0,0.3624,0
2385854.0,0.4223,0
2385867.0,0.3743,0
2385881.0,0.3943,0
2385894.0,0.3211,0
2385907.0,0.4394,0
2385921.0,0.3746,0
2385934.0,0.365,0
2385947.0,0.3654,0
2385961.0,0.4345,0
2385974.0,0.3501,0
2385987.0,0.4052,0
2386001.0,0.3252,0
2386014.0,0.3843,0
2386027.0,0.426,0
2386041.0,0.4023,0
2386054.0,0.2965,0
2386067.0,0.4776,0
2386081.0,0.3661,0
2386094.0,0.3488,0
2386107.0,0.3861,0
2386121.0,0.3953,0
2386134.0,0.2953,0
2386147.0,0.3767,0
2386161.0,0.3966,0
2386174.0,0.3753,0
2386187.0,0.3675,0
2386201.0,0.3738,0
2386214.0,0.3667,0
2386227.0,0.4654,0
2386241.0,0.3796,0
2386254.0,0.3455,0
2386267.0,0.3862,0
2386281.0,0.4265,0
2386294.0,0.3406,0
2386307.0,0.4511,0
2386321.0,0.4335,0
2386334.0,0.3892,0
2386347.0,0.4386,0
2386361.0,0.4689,0
2386374.0,0.4227,0
2386387.0,0.5196,0
2386401.0,0.5579,0
2386414.0,0.4515,0
2386427.0,0.5047,0
2386441.0,0.5367,0
2386454.0,0.4777,0
2386467.0,0.5373,0
2386481.0,0.4936,0
2386494.0,0.459,0
2386507.0,0.4956,0
2386521.0,0.4353,0
2386534.0,0.3857,0
2386547.0,0.5033,0
2386561.0,0.4888,0
2386574.0,0.457,0
2386587.0,0.4797,0
2386601.0,0.4621,0
2386614.0,0.4184,0
2386627.0,0.4942,0
2386641.0,0.4696,0
2386654.0,0.381,0
2386667.0,0.3847,0
2386681.0,0.4133,0
2386694.0,0.358,0
2386707.0,0.403,0
2386721.0,0.4152,0
2386734.0,0.359,0
2386747.0,0.3809,0
2386761.0,0.3769,0
2386774.0,0.3848,0
2386787.0,0.4711,0
2386801.0,0.4322,0
2386814.0,0.3679,0
2386827.0,0.397,0
2386841.0,0.398,0
2386854.0,0.3882,0
2386867.0,0.4501,0
2386881.0,0.4278,0
2386894.0,0.3589,0
2386907.0,0.4902,0
2386921.0,0.4533,0
2386934.0,0.3163,0
2386947.0,0.3935,0
2386961.0,0.5445,0
2386974.0,0.3746,0
2386987.0,0.4057,0
2387001.0,0.4346,0
2387014.0,0.4668,0
2387027.0,0.4499,0
2387041.0,0.4895,0
2387054.0,0.4156,0
2387067.0,0.4304,0
2387081.0,0.3946,0
2387094.0,0.338,0
2387107.0,0.4054,0
2387121.0,0.3548,0
2387134.0,0.2614,0
2387147.0,0.3841,0
2387161.0,0.3201,0
2387174.0,0.3223,0
2387187.0,0.3533,0
2387201.0,0.4365,0
2387214.0,0.3397,0
2387227.0,0.416,0
2387241.0,0.3823,0
2387254.0,0.3962,0
2387267.0,0.466,0
2387281.0,0.425,0
2387294.0,0.3565,0
2387307.0,0.4857,0
2387321.0,0.4577,0
2387334.0,0.4372,0
2387347.0,0.4367,0
2387361.0,0.4688,0
2387374.0,0.3523,0
2387387.0,0.3681,0
2387401.0,0.3505,0
2387414.0,0.3807,0
2387427.0,0.3597,0
2387441.0,0.4194,0
2387454.0,0.2938,0
2387467.0,0.3393,0
2387481.0,0.3244,0
2387494.0,0.3277,0
2387507.0,0.2755,0
2387521.0,0.3926,0
2387534.0,0.3173,0
2387547.0,0.4105,0
2387561.0,0.3709,0
2387574.0,0.3672,0
2387587.0,0.3186,0
2387601.0,0.4404,0
2387614.0,0.3843,0
2387627.0,0.4567,0
2387641.0,0.3596,0
2387654.0,0.386,0
2387667.0,0.3674,0
2387681.0,0.4309,0
2387694.0,0.3234,0
2387707.0,0.4301,0
2387721.0,0.3867,0
2387734.0,0.4057,0
2387747.0,0.3566,0
2387761.0,0.4118,0
2387774.0,0.3376,0
2387787.0,0.4033,0
2387801.0,0.323,0
2387814.0,0.4023,0
2387827.0,0.2912,0
2387841.0,0.4116,0
2387854.0,0.3655,0
2387867.0,0.3851,0
2387881.0,0.3292,0
2387894.0,0.4379,0
2387907.0,0.3755,0
2387921.0,0.4372,0
2387934.0,0.3484,0
2387947.0,0.445,0
2387961.0,0.4075,0
2387974.0,0.4389,0
2387987.0,0.4471,0
2388001.0,0.5217,0
2388014.0,0.3698,0
2388027.0,0.4506,0
2388041.0,0.3882,0
2388054.0,0.3773,0
2388067.0,0.3289,0
2388081.0,0.3576,0
2388094.0,0.2854,0
2388107.0,0.3532,0
2388121.0,0.2698,0
2388134.0,0.3359,0
2388147.0,0.3567,0
2388161.0,0.4342,0
2388174.0,0.3548,0
2388187.0,0.474,0
2388201.0,0.4227,0
2388214.0,0.4518,0
2388227.0,0.4108,0
2388241.0,0.4719,0
2388254.0,0.4064,0
2388267.0,0.4796,0
2388281.0,0.364,0
2388294.0,0.4654,0
2388307.0,0.4288,0
2388321.0,0.4538,0
2388334.0,0.359,0
2388347.0,0.4982,0
2388361.0,0.4119,0
2388374.0,0.4169,0
2388387.0,0.4234,0
2388401.0,0.4782,0
2388414.0,0.3952,0
2388427.0,0.4735,0
2388441.0,0.364,0
2388454.0,0.4085,0
2388467.0,0.4044,0
2388481.0,0.4245,0
2388494.0,0.3841,0
2388507.0,0.4936,0
2388521.0,0.3494,0
2388534.0,0.4477,0
2388547.0,0.4111,0
2388561.0,0.4262,0
2388574.0,0.3645,0
2388587.0,0.4687,0
2388614.0,0.3957,0
2388627.0,0.4125,0
2388641.0,0.4922,0
2388654.0,0.386,0
2388667.0,0.4491,0
2388681.0,0.4901,0
2388694.0,0.4677,0
2388707.0,0.397,0
2388721.0,0.3902,0
2388734.0,0.3648,0
2388747.0,0.459,0
2388761.0,0.3885,0
2388774.0,0.3155,0
2388787.0,0.3509,0
2388801.0,0.4543,0
2388814.0,0.3427,0
2388827.0,0.3383,0
2388841.0,0.4248,0
2388854.0,0.3962,0
2388867.0,0.4084,0
2388881.0,0.3607,0
2388894.0,0.3009,0
2388907.0,0.5118,0
2388921.0,0.4285,0
2388934.0,0.3687,0
2388947.0,0.4305,0
2388961.0,0.4718,0
2388974.0,0.358,0
2388987.0,0.4125,0
2389001.0,0.4365,0
2389014.0,0.4787,0
2389027.0,0.3986,0
2389041.0,0.3705,0
2389054.0,0.3584,0
2389067.0,0.417,0
2389081.0,0.4913,0
2389094.0,0.3255,0
2389107.0,0.3513,0
2389121.0,0.5204,0
2389134.0,0.4691,0
2389147.0,0.4665,0
2389161.0,0.4569,0
2389174.0,0.4416,0
2389187.0,0.4962,0
2389201.0,0.4016,0
2389214.0,0.2936,0
2389227.0,0.4407,0
2389241.0,0.481,0
2389254.0,0.2689,0
2389267.0,0.3047,0
2389281.0,0.4359,0
2389294.0,0.3725,0
2389307.0,0.3386,0
2389321.0,0.4013,0
2389334.0,0.358,0
2389347.0,0.4043,0
2389361.0,0.4034,0
2389374.0,0.3732,0
2389387.0,0.4871,0
2389401.0,0.4539,0
2389414.0,0.3983,0
2389427.0,0.4891,0
2389441.0,0.4387,0
2389454.0,0.3796,0
2389467.0,0.4621,0
2389481.0,0.481,0
2389494.0,0.3794,0
2389507.0,0.386,0
2389521.0,0.4072,0
2389534.0,0.4126,0
2389547.0,0.4189,0
2389561.0,0.4155,0
2389574.0,0.3813,0
2389587.0,0.4216,0
2389601.0,0.382,0
2389614.0,0.3641,0
2389627.0,0.4465,0
2389641.0,0.4675,0
2389654.0,0.4041,0
2389667.0,0.4899,0
2389681.0,0.4101,0
2389694.0,0.3786,0
2389707.0,0.4833,0
2389721.0,0.4115,0
2389734.0,0.3217,0
2389747.0,0.4352,0
2389761.0,0.3974,0
2389774.0,0.3982,0
2389787.0,0.4414,0
2389801.0,0.4745,0
2389814.0,0.4096,0
2389827.0,0.3586,0
2389841.0,0.2916,0
2389854.0,0.3484,0
2389867.0,0.4244,0
2389881.0,0.4108,0
2389894.0,0.3538,0
2389907.0,0.4716,0
2389921.0,0.4555,0
2389934.0,0.3654,0
2389947.0,0.3919,0
2389961.0,0.5461,0
2389974.0,0.3681,0
2389987.0,0.4484,0
2390001.0,0.4655,0
2390014.0,0.5085,0
2390027.0,0.4201,0
2390041.0,0.4977,0
2390054.0,0.4843,0
2390067.0,0.5983,0
2390081.0,0.4983,0
2390094.0,0.4258,0
2390107.0,0.5186,0
2390121.0,0.564,0
2390134.0,0.4162,0
2390147.0,0.5101,0
2390161.0,0.4797,0
2390174.0,0.5079,0
2390187.0,0.4116,0
2390201.0,0.5454,0
2390214.0,0.4695,0
2390227.0,0.4864,0
2390241.0,0.4491,0
2390254.0,0.4638,0
2390267.0,0.4464,0
2390281.0,0.5403,0
2390294.0,0.444,0
2390307.0,0.5043,0
2390321.0,0.4776,0
2390334.0,0.464,0
2390347.0,0.4157,0
2390361.0,0.4796,0
2390374.0,0.3559,0
2390387.0,0.4258,0
2390401.0,0.4065,0
2390414.0,0.4099,0
2390427.0,0.3512,0
2390441.0,0.4217,0
2390454.0,0.3518,0
2390467.0,0.445,0
2390481.0,0.3129,0
2390494.0,0.3573,0
2390507.0,0.3804,0
2390521.0,0.4472,0
2390534.0,0.3099,0
2390547.0,0.427,0
2390561.0,0.4323,0
2390574.0,0.4827,0
2390587.0,0.3118,0
2390601.0,0.4291,0
2390614.0,0.414,0
2390627.0,0.4386,0
2390641.0,0.262,0
2390654.0,0.2976,0
2390667.0,0.3496,0
2390681.0,0.3631,0
2390694.0,0.219,0
2390707.0,0.3472,0
2390721.0,0.3623,0
2390734.0,0.2885,0
2390747.0,0.2705,0
2390761.0,0.4038,0
2390774.0,0.3652,0
2390787.0,0.4234,0
2390801.0,0.3191,0
2390814.0,0.4091,0
2390827.0,0.4007,0
2390841.0,0.4401,0
2390854.0,0.3193,0
2390867.0,0.4177,0
2390881.0,0.3801,0
2390894.0,0.3725,0
2390907.0,0.3403,0
2390921.0,0.3952,0
2390934.0,0.3539,0
2390947.0,0.4529,0
2390961.0,0.3052,0
2390974.0,0.3504,0
2390987.0,0.3716,0
2391001.0,0.4099,0
2391014.0,0.2875,0
2391027.0,0.4285,0
2391041.0,0.4088,0
2391054.0,0.4021,0
2391067.0,0.3972,0
2391081.0,0.475,0
2391094.0,0.3735,0
2391107.0,0.4749,0
2391121.0,0.4584,0
2391134.0,0.4031,0
2391147.0,0.373,0
2391161.0,0.4562,0
2391174.0,0.3655,0
2391187.0,0.4573,0
2391201.0,0.4414,0
2391214.0,0.4166,0
2391227.0,0.3913,0
2391241.0,0.4427,0
2391254.0,0.3953,0
2391267.0,0.4675,0
2391281.0,0.4696,0
2391294.0,0.3858,0
2391307.0,0.4194,0
2391321.0,0.4977,0
2391334.0,0.4064,0
2391347.0,0.417,0
2391361.0,0.5089,0
2391374.0,0.4105,0
2391387.0,0.3748,0
2391401.0,0.4455,0
2391414.0,0.3694,0
2391427.0,0.4077,0
2391441.0,0.4295,0
2391454.0,0.4004,0
2391467.0,0.4345,0
2391481.0,0.3956,0
2391494.0,0.3461,0
2391507.0,0.4884,0
2391521.0,0.4146,0
2391534.0,0.3912,0
2391547.0,0.417,0
2391561.0,0.4306,0
2391574.0,0.3552,0
2391587.0,0.4201,0
2391601.0,0.3921,0
2391614.0,0.3821,0
2391627.0,0.3746,0
2391641.0,0.4121,0
2391654.0,0.4037,0
2391667.0,0.4301,0
2391681.0,0.4343,0
2391694.0,0.4079,0
2391707.0,0.4027,0
2391721.0,0.4244,0
2391734.0,0.405,0
2391747.0,0.5488,0
2391761.0,0.4613,0
2391774.0,0.3959,0
2391787.0,0.4322,0
2391801.0,0.4675,0
2391814.0,0.4179,0
2391827.0,0.4654,0
2391841.0,0.4508,0
2391854.0,0.4064,0
2391867.0,0.4445,0
2391881.0,0.4443,0
2391894.0,0.3742,0
2391907.0,0.455,0
2391921.0,0.4444,0
2391934.0,0.3316,0
2391947.0,0.3678,0
2391961.0,0.4162,0
2391974.0,0.3651,0
2391987.0,0.375,0
2392001.0,0.3909,0
2392014.0,0.3275,0
2392027.0,0.3223,0
2392041.0,0.3068,0
2392054.0,0.2817,0
2392067.0,0.393,0
2392081.0,0.3288,0
2392094.0,0.2955,0
2392107.0,0.4209,0
2392121.0,0.44,0
2392134.0,0.3799,0
2392147.0,0.4452,0
2392161.0,0.4725,0
2392174.0,0.4142,0
2392187.0,0.4218,0
2392201.0,0.3939,0
2392214.0,0.3885,0
2392227.0,0.4626,0
2392241.0,0.4301,0
2392254.0,0.3074,0
2392267.0,0.3976,0
2392281.0,0.4366,0
2392294.0,0.3346,0
2392307.0,0.4,0
2392321.0,0.4844,0
2392334.0,0.3759,0
2392347.0,0.4277,0
2392361.0,0.4009,0
2392374.0,0.4285,0
2392387.0,0.476,0
2392401.0,0.4522,0
2392414.0,0.3943,0
2392427.0,0.4521,0
2392441.0,0.4159,0
2392454.0,0.3843,0
2392467.0,0.4121,0
2392481.0,0.46,0
2392494.0,0.3467,0
2392507.0,0.4216,0
2392521.0,0.4197,0
2392534.0,0.4465,0
2392547.0,0.3996,0
2392561.0,0.4848,0
2392574.0,0.419,0
2392587.0,0.4882,0
2392601.0,0.4373,0
2392614.0,0.3837,0
2392627.0,0.4254,0
2392641.0,0.5881,0
2392654.0,0.4312,0
2392667.0,0.4335,0
2392681.0,0.4193,0
2392694.0,0.5182,0
2392707.0,0.416,0
2392721.0,0.5502,0
2392734.0,0.48,0
2392747.0,0.5306,0
2392761.0,0.44,0
2392774.0,0.4591,0
2392787.0,0.3769,0
2392801.0,0.4837,0
2392814.0,0.4287,0
2392827.0,0.439,0
2392841.0,0.3889,0
2392854.0,0.442,0
2392867.0,0.3155,0
2392881.0,0.3526,0
2392894.0,0.2904,0
2392907.0,0.3688,0
2392921.0,0.2462,0
2392934.0,0.2365,0
2392947.0,0.2172,0
2392961.0,0.3433,0
2392974.0,0.2691,0
2392987.0,0.2845,0
2393001.0,0.2904,0
2393014.0,0.3916,0
2393027.0,0.3153,0
2393041.0,0.4782,0
2393054.0,0.4203,0
2393067.0,0.519,0
2393081.0,0.5211,0
2393094.0,0.4923,0
2393107.0,0.5909,0
2393121.0,0.5908,0
2393134.0,0.4658,0
2393147.0,0.6028,0
2393161.0,0.561,0
2393174.0,0.5604,0
2393187.0,0.4479,0
2393201.0,0.5489,0
2393214.0,0.4254,0
2393227.0,0.4708,0
2393241.0,0.4006,0
2393254.0,0.4183,0
2393267.0,0.3854,0
2393281.0,0.3884,0
2393294.0,0.3288,0
2393307.0,0.4862,0
2393321.0,0.3648,0
2393334.0,0.3648,0
2393347.0,0.3545,0
2393361.0,0.4163,0
2393374.0,0.3251,0
2393387.0,0.3791,0
2393401.0,0.3369,0
2393414.0,0.3882,0
2393427.0,0.3023,0
2393441.0,0.4133,0
2393454.0,0.3508,0
2393467.0,0.4579,0
2393481.0,0.3526,0
2393494.0,0.4231,0
2393507.0,0.3957,0
2393521.0,0.4183,0
2393534.0,0.3082,0
2393547.0,0.3852,0
2393561.0,0.3789,0
2393574.0,0.381,0
2393587.0,0.3304,0
2393601.0,0.4006,0
2393614.0,0.4167,0
2393627.0,0.4278,0
2393654.0,0.4051,0
2393667.0,0.4038,0
2393681.0,0.4468,0
2393694.0,0.3539,0
2393707.0,0.4096,0
2393721.0,0.3996,0
2393734.0,0.3565,0
2393747.0,0.3816,0
2393761.0,0.4302,0
2393774.0,0.3942,0
2393787.0,0.4787,0
2393801.0,0.4148,0
2393814.0,0.3885,0
2393827.0,0.406,0
2393841.0,0.3942,0
2393854.0,0.3267,0
2393867.0,0.437,0
2393881.0,0.3475,0
2393894.0,0.3678,0
2393907.0,0.3235,0
2393921.0,0.3145,0
2393934.0,0.3533,0
2393947.0,0.4245,0
2393961.0,0.3896,0
2393974.0,0.4278,0
2393987.0,0.4912,0
2394001.0,0.513,0
2394014.0,0.4433,0
2394027.0,0.5118,0
2394041.0,0.5844,0
2394054.0,0.4987,0
2394067.0,0.4579,0
2394081.0,0.5193,0
2394094.0,0.5182,0
2394107.0,0.4922,0
2394121.0,0.4553,0
2394134.0,0.4593,0
2394147.0,0.4884,0
2394161.0,0.4435,0
2394174.0,0.3784,0
2394187.0,0.4972,0
2394201.0,0.4311,0
2394214.0,0.3705,0
2394227.0,0.3787,0
2394241.0,0.3482,0
2394254.0,0.3024,0
2394267.0,0.3912,0
2394281.0,0.3052,0
2394294.0,0.2769,0
2394307.0,0.3165,0
2394321.0,0.2949,0
2394334.0,0.294,0
2394347.0,0.339,0
2394361.0,0.3662,0
2394374.0,0.4051,0
2394387.0,0.3504,0
2394401.0,0.3403,0
2394414.0,0.3965,0
2394427.0,0.4207,0
2394441.0,0.5304,0
2394454.0,0.4366,0
2394467.0,0.4661,0
2394481.0,0.5555,0
2394494.0,0.5677,0
2394507.0,0.5613,0
2394521.0,0.4793,0
2394534.0,0.4694,0
2394547.0,0.4404,0
2394561.0,0.378,0
2394574.0,0.3311,0
2394587.0,0.3952,0
2394601.0,0.3733,0
2394614.0,0.305,0
2394627.0,0.4211,0
2394641.0,0.4268,0
2394654.0,0.374,0
2394667.0,0.4278,0
2394681.0,0.4516,0
2394694.0,0.4313,0
2394707.0,0.4583,0
2394721.0,0.387,0
2394734.0,0.4085,0
2394747.0,0.4658,0
2394761.0,0.4098,0
2394774.0,0.3529,0
2394787.0,0.3814,0
2394801.0,0.3688,0
2394814.0,0.3501,0
2394827.0,0.3867,0
2394841.0,0.4356,0
2394854.0,0.3173,0
2394867.0,0.3467,0
2394881.0,0.4165,0
2394894.0,0.3606,0
2394907.0,0.3167,0
2394921.0,0.3765,0
2394934.0,0.3209,0
2394947.0,0.344,0
2394961.0,0.3416,0
2394974.0,0.363,0
2394987.0,0.4166,0
2395001.0,0.3976,0
2395014.0,0.3545,0
2395027.0,0.4437,0
2395041.0,0.4231,0
2395054.0,0.3858,0
2395067.0,0.3586,0
2395081.0,0.4159,0
2395094.0,0.3508,0
2395107.0,0.3811,0
2395121.0,0.3464,0
2395134.0,0.3641,0
2395147.0,0.2878,0
2395161.0,0.3403,0
2395174.0,0.3082,0
2395187.0,0.3559,0
2395201.0,0.2835,0
2395214.0,0.2516,0
2395227.0,0.2753,0
2395241.0,0.3149,0
2395254.0,0.2457,0
2395267.0,0.3047,0
2395281.0,0.3501,0
2395294.0,0.401,0
2395307.0,0.4041,0
2395321.0,0.419,0
2395334.0,0.4377,0
2395347.0,0.5601,0
2395361.0,0.4871,0
2395374.0,0.4508,0
2395387.0,0.5655,0
2395401.0,0.6227,0
2395414.0,0.4902,0
2395427.0,0.5401,0
2395441.0,0.5699,0
2395454.0,0.5773,0
2395467.0,0.4898,0
2395481.0,0.5104,0
2395494.0,0.4678,0
2395507.0,0.5204,0
2395521.0,0.4621,0
2395534.0,0.467,0
2395547.0,0.4498,0
2395561.0,0.455,0
2395574.0,0.3889,0
2395587.0,0.473,0
2395601.0,0.4641,0
2395614.0,0.4641,0
2395627.0,0.3791,0
2395641.0,0.4064,0
2395654.0,0.3801,0
2395667.0,0.4525,0
2395681.0,0.3308,0
2395694.0,0.3377,0
2395707.0,0.3694,0
2395721.0,0.4399,0
2395734.0,0.3535,0
2395747.0,0.3611,0
2395761.0,0.3799,0
2395774.0,0.4591,0
2395787.0,0.3706,0
2395801.0,0.4434,0
2395814.0,0.446,0
2395827.0,0.482,0
2395841.0,0.4223,0
2395854.0,0.4743,0
2395867.0,0.4644,0
2395881.0,0.4428,0
2395894.0,0.3875,0
2395907.0,0.494,0
2395921.0,0.4326,0
2395934.0,0.3817,0
2395947.0,0.3702,0
2395961.0,0.462,0
2395974.0,0.3489,0
2395987.0,0.3906,0
2396001.0,0.3428,0
2396014.0,0.425,0
2396027.0,0.3505,0
2396041.0,0.3628,0
2396054.0,0.3294,0
2396067.0,0.4811,0
2396081.0,0.3972,0
2396094.0,0.3969,0
2396107.0,0.44,0
2396121.0,0.4787,0
2396134.0,0.4024,0
2396147.0,0.4946,0
2396161.0,0.4319,0
2396174.0,0.4732,0
2396187.0,0.4349,0
2396201.0,0.419,0
2396214.0,0.3577,0
2396227.0,0.4383,0
2396241.0,0.3701,0
2396254.0,0.3254,0
2396267.0,0.3248,0
2396281.0,0.4199,0
2396294.0,0.397,0
2396307.0,0.3651,0
2396321.0,0.4973,0
2396334.0,0.4563,0
2396347.0,0.4346,0
2396361.0,0.4791,0
2396374.0,0.4743,0
2396387.0,0.5538,0
2396401.0,0.4936,0
2396414.0,0.4898,0
2396427.0,0.4774,0
2396441.0,0.4484,0
2396454.0,0.3525,0
2396467.0,0.4328,0
2396481.0,0.3467,0
2396494.0,0.3011,0
2396507.0,0.2762,0
2396521.0,0.317,0
2396534.0,0.2616,0
2396547.0,0.3126,0
2396561.0,0.3355,0
2396574.0,0.323,0
2396587.0,0.3757,0
2396601.0,0.3586,0
2396614.0,0.3094,0
2396627.0,0.4235,0
2396641.0,0.3706,0
2396654.0,0.3349,0
2396667.0,0.3576,0
2396681.0,0.3973,0
2396694.0,0.336,0
2396707.0,0.4004,0
2396721.0,0.4325,0
2396734.0,0.4525,0
2396747.0,0.4515,0
2396761.0,0.4518,0
2396774.0,0.4563,0
2396787.0,0.5668,0
2396801.0,0.504,0
2396814.0,0.4745,0
2396827.0,0.4957,0
2396841.0,0.4926,0
2396854.0,0.4512,0
2396867.0,0.5414,0
2396881.0,0.4801,0
2396894.0,0.4801,0
2396907.0,0.4462,0
2396921.0,0.4766,0
2396934.0,0.441,0
2396947.0,0.4533,0
2396961.0,0.473,0
2396974.0,0.403,0
2396987.0,0.4165,0
2397001.0,0.457,0
2397014.0,0.4204,0
2397027.0,0.4597,0
2397041.0,0.4383,0
2397054.0,0.4197,0
2397067.0,0.4536,0
2397081.0,0.483,0
2397094.0,0.4136,0
2397107.0,0.4661,0
2397121.0,0.4793,0
2397134.0,0.4925,0
2397147.0,0.4982,0
2397161.0,0.4913,0
2397174.0,0.4599,0
2397187.0,0.4494,0
2397201.0,0.4799,0
2397214.0,0.4108,0
2397227.0,0.4447,0
2397241.0,0.4468,0
2397254.0,0.3974,0
2397267.0,0.4687,0
2397281.0,0.4441,0
2397294.0,0.4085,0
2397307.0,0.4391,0
2397321.0,0.4363,0
2397334.0,0.3933,0
2397347.0,0.4481,0
2397361.0,0.4826,0
2397374.0,0.3948,0
2397387.0,0.4115,0
2397401.0,0.4451,0
2397414.0,0.4189,0
2397427.0,0.4251,0
2397441.0,0.4502,0
2397454.0,0.3973,0
2397467.0,0.4311,0
2397481.0,0.3743,0
2397494.0,0.3511,0
2397507.0,0.42,0
2397521.0,0.382,0
2397534.0,0.3424,0
2397547.0,0.3485,0
2397561.0,0.3545,0
2397574.0,0.3831,0
2397587.0,0.3285,0
2397601.0,0.4455,0
2397614.0,0.3881,0
2397627.0,0.4105,0
2397641.0,0.4272,0
2397654.0,0.4182,0
2397667.0,0.38,0
2397681.0,0.4721,0
2397694.0,0.4159,0
2397707.0,0.4634,0
2397721.0,0.4607,0
2397734.0,0.4312,0
2397747.0,0.459,0
2397761.0,0.4621,0
2397774.0,0.4017,0
2397787.0,0.4857,0
2397801.0,0.3807,0
2397814.0,0.3616,0
2397827.0,0.3304,0
2397841.0,0.3838,0
2397854.0,0.3248,0
2397867.0,0.3373,0
2397881.0,0.3078,0
2397894.0,0.3289,0
2397907.0,0.2806,0
2397921.0,0.2983,0
2397934.0,0.2277,0
2397947.0,0.3183,0
2397961.0,0.3016,0
2397974.0,0.2699,0
2397987.0,0.3172,0
2398001.0,0.3762,0
2398014.0,0.3262,0
2398027.0,0.3243,0
2398041.0,0.3367,0
2398054.0,0.421,0
2398067.0,0.2739,0
2398081.0,0.3647,0
2398094.0,0.3959,0
2398107.0,0.4689,0
2398121.0,0.327,0
2398134.0,0.3145,0
2398147.0,0.4028,0
2398161.0,0.414,0
2398174.0,0.2959,0
2398187.0,0.3766,0
2398201.0,0.4316,0
2398214.0,0.4126,0
2398227.0,0.3399,0
2398241.0,0.4418,0
2398254.0,0.3905,0
2398267.0,0.413,0
2398281.0,0.3445,0
2398294.0,0.4088,0
2398307.0,0.366,0
2398321.0,0.4174,0
2398334.0,0.3745,0
2398347.0,0.4645,0
2398361.0,0.4309,0
2398374.0,0.4682,0
2398387.0,0.4786,0
2398401.0,0.4427,0
2398414.0,0.3574,0
2398427.0,0.4766,0
2398441.0,0.4319,0
2398454.0,0.421,0
2398467.0,0.4451,0
2398481.0,0.533,0
2398494.0,0.4118,0
2398507.0,0.4099,0
2398521.0,0.4064,0
2398534.0,0.3932,0
2398547.0,0.3257,0
2398561.0,0.3774,0
2398574.0,0.3472,0
2398587.0,0.447,0
2398601.0,0.3713,0
2398614.0,0.3732,0
2398627.0,0.4184,0
2398641.0,0.4817,0
2398654.0,0.3835,0
2398667.0,0.4313,0
2398681.0,0.4845,0
2398694.0,0.4631,0
2398707.0,0.4153,0
2398721.0,0.4471,0
2398734.0,0.4182,0
2398747.0,0.5018,0
2398761.0,0.404,0
2398774.0,0.4116,0
2398787.0,0.397,0
2398801.0,0.4281,0
2398814.0,0.3243,0
2398827.0,0.3278,0
2398841.0,0.3939,0
2398854.0,0.3157,0
2398867.0,0.2438,0
2398881.0,0.3555,0
2398894.0,0.3665,0
2398907.0,0.4044,0
2398921.0,0.362,0
2398934.0,0.4214,0
2398947.0,0.4705,0
2398961.0,0.4305,0
2398974.0,0.3923,0
2398987.0,0.4908,0
2399001.0,0.5265,0
2399014.0,0.4767,0
2399027.0,0.4658,0
2399041.0,0.5504,0
2399054.0,0.5586,0
2399067.0,0.5816,0
2399081.0,0.4933,0
2399094.0,0.5362,0
2399107.0,0.4899,0
2399121.0,0.4637,0
2399134.0,0.4254,0
2399147.0,0.4689,0
2399161.0,0.4643,0
2399174.0,0.3862,0
2399187.0,0.3892,0
2399201.0,0.4299,0
2399214.0,0.3162,0
2399227.0,0.4119,0
2399241.0,0.363,0
2399254.0,0.3838,0
2399267.0,0.4597,0
2399281.0,0.4426,0
2399294.0,0.3555,0
2399307.0,0.4689,0
2399321.0,0.4162,0
2399334.0,0.4424,0
2399347.0,0.4064,0
2399361.0,0.3807,0
2399374.0,0.4626,0
2399387.0,0.5038,0
2399401.0,0.4071,0
2399414.0,0.4409,0
2399427.0,0.4357,0
2399441.0,0.3945,0
2399454.0,0.3589,0
2399467.0,0.4765,0
2399481.0,0.4479,0
2399494.0,0.3648,0
2399507.0,0.3872,0
2399521.0,0.4783,0
2399534.0,0.4352,0
2399547.0,0.3984,0
2399561.0,0.4265,0
2399574.0,0.4062,0
2399587.0,0.4387,0
2399601.0,0.3926,0
2399614.0,0.3052,0
2399627.0,0.4953,0
2399641.0,0.3938,0
2399654.0,0.3672,0
2399667.0,0.4443,0
2399681.0,0.5044,0
2399694.0,0.4345,0
2399707.0,0.4633,0
2399721.0,0.497,0
2399734.0,0.4736,0
2399747.0,0.4577,0
2399761.0,0.4765,0
2399774.0,0.4664,0
2399787.0,0.4899,0
2399801.0,0.4814,0
2399814.0,0.419,0
2399827.0,0.4616,0
2399841.0,0.4899,0
2399854.0,0.4289,0
2399867.0,0.4786,0
2399881.0,0.4667,0
2399894.0,0.4231,0
2399907.0,0.4916,0
2399921.0,0.4756,0
2399934.0,0.416,0
2399947.0,0.4997,0
2399961.0,0.5287,0
2399974.0,0.4326,0
2399987.0,0.5258,0
2400001.0,0.5597,0
2400014.0,0.4706,0
2400027.0,0.4756,0
2400041.0,0.5023,0
2400054.0,0.447,0
2400067.0,0.4199,0
2400081.0,0.3689,0
2400094.0,0.4349,0
2400121.0,0.3722,0
2400134.0,0.3938,0
2400147.0,0.479,0
2400161.0,0.4055,0
2400174.0,0.3365,0
2400187.0,0.4209,0
2400201.0,0.4695,0
2400214.0,0.3406,0
2400227.0,0.3589,0
2400241.0,0.3865,0
2400254.0,0.4081,0
2400267.0,0.2843,0
2400281.0,0.3696,0
2400294.0,0.3884,0
2400307.0,0.4548,0
2400321.0,0.3818,0
2400334.0,0.3404,0
2400347.0,0.4589,0
2400361.0,0.5211,0
2400374.0,0.4182,0
2400387.0,0.4397,0
2400401.0,0.5265,0
2400414.0,0.5379,0
2400427.0,0.3759,0
2400441.0,0.4736,0
2400454.0,0.464,0
2400467.0,0.5028,0
2400481.0,0.4189,0
2400494.0,0.3774,0
2400507.0,0.4329,0
2400521.0,0.4573,0
2400534.0,0.3458,0
2400547.0,0.3728,0
2400561.0,0.3448,0
2400574.0,0.3702,0
2400587.0,0.3007,0
2400601.0,0.3403,0
2400614.0,0.3244,0
2400627.0,0.4006,0
2400641.0,0.355,0
2400654.0,0.2932,0
2400667.0,0.3831,0
2400681.0,0.4294,0
2400694.0,0.3145,0
2400707.0,0.3901,0
2400721.0,0.3807,0
2400734.0,0.4277,0
2400747.0,0.3268,0
2400761.0,0.4725,0
2400774.0,0.397,0
2400787.0,0.4001,0
2400801.0,0.3892,0
2400814.0,0.3972,0
2400827.0,0.3658,0
2400841.0,0.3797,0
2400854.0,0.313,0
2400867.0,0.3606,0
2400881.0,0.322,0
2400894.0,0.3736,0
2400907.0,0.3118,0
2400921.0,0.3443,0
2400934.0,0.326,0
2400947.0,0.4054,0
2400961.0,0.3546,0
2400974.0,0.3532,0
2400987.0,0.3748,0
2401001.0,0.4077,0
2401014.0,0.2745,0
2401027.0,0.3919,0
2401041.0,0.4017,0
2401054.0,0.3878,0
2401067.0,0.3386,0
2401081.0,0.3752,0
2401094.0,0.3855,0
2401107.0,0.4418,0
2401121.0,0.3304,0
2401134.0,0.4193,0
2401147.0,0.3991,0
2401161.0,0.3472,0
2401174.0,0.2679,0
2401187.0,0.3848,0
2401201.0,0.3533,0
2401214.0,0.3277,0
2401227.0,0.3443,0
2401241.0,0.416,0
2401254.0,0.3626,0
2401267.0,0.4312,0
2401281.0,0.4262,0
2401294.0,0.46,0
2401307.0,0.3784,0
2401321.0,0.4138,0
2401334.0,0.4238,0
2401347.0,0.462,0
2401361.0,0.3804,0
2401374.0,0.4238,0
2401387.0,0.3911,0
2401401.0,0.3882,0
2401414.0,0.3374,0
2401427.0,0.4041,0
2401441.0,0.3075,0
2401454.0,0.3216,0
2401467.0,0.3258,0
2401481.0,0.3437,0
2401494.0,0.2462,0
2401507.0,0.3099,0
2401521.0,0.3157,0
2401534.0,0.2905,0
2401547.0,0.2166,0
2401561.0,0.2664,0
2401574.0,0.3333,0
2401587.0,0.4089,0
2401601.0,0.3536,0
2401614.0,0.4555,0
2401627.0,0.4762,0
2401641.0,0.4834,0
2401654.0,0.4241,0
2401667.0,0.4996,0
2401681.0,0.5416,0
2401694.0,0.4512,0
2401707.0,0.4099,0
2401721.0,0.5018,0
2401734.0,0.442,0
2401747.0,0.4298,0
2401761.0,0.4152,0
2401774.0,0.4275,0
2401787.0,0.422,0
2401801.0,0.4057,0
2401814.0,0.4057,0
2401827.0,0.5542,0
2401841.0,0.5009,0
2401854.0,0.4657,0
2401867.0,0.513,0
2401881.0,0.5477,0
2401894.0,0.4474,0
2401907.0,0.4986,0
2401921.0,0.4837,0
2401934.0,0.5196,0
2401947.0,0.4119,0
2401961.0,0.3335,0
2401974.0,0.3938,0
2401987.0,0.5193,0
2402001.0,0.3824,0
2402014.0,0.4091,0
2402027.0,0.4278,0
2402041.0,0.4529,0
2402054.0,0.3902,0
2402067.0,0.4111,0
2402081.0,0.4535,0
2402094.0,0.387,0
2402107.0,0.3135,0
2402121.0,0.3793,0
2402134.0,0.4112,0
2402147.0,0.4191,0
2402161.0,0.426,0
2402174.0,0.4241,0
2402187.0,0.4607,0
2402201.0,0.4119,0
2402214.0,0.3644,0
2402227.0,0.4712,0
2402241.0,0.4312,0
2402254.0,0.4057,0
2402267.0,0.3688,0
2402281.0,0.4182,0
2402294.0,0.4021,0
2402307.0,0.3843,0
2402321.0,0.3906,0
2402334.0,0.3614,0
2402347.0,0.3321,0
2402361.0,0.3071,0
2402374.0,0.3258,0
2402387.0,0.4277,0
2402401.0,0.3496,0
2402414.0,0.3101,0
2402427.0,0.3843,0
2402441.0,0.4285,0
2402454.0,0.3064,0
2402467.0,0.3227,0
2402481.0,0.4816,0
2402494.0,0.3844,0
2402507.0,0.3828,0
2402521.0,0.4165,0
2402534.0,0.4245,0
2402547.0,0.4844,0
2402561.0,0.3882,0
2402574.0,0.4814,0
2402587.0,0.523,0
2402601.0,0.4044,0
2402614.0,0.3553,0
2402641.0,0.4423,0
2402654.0,0.3518,0
2402667.0,0.3339,0
2402681.0,0.3684,0
2402694.0,0.4145,0
2402707.0,0.2823,0
2402721.0,0.3716,0
2402734.0,0.4031,0
2402747.0,0.459,0
2402761.0,0.403,0
2402774.0,0.3918,0
2402787.0,0.4218,0
2402801.0,0.4603,0
2402814.0,0.42,0
2402827.0,0.4359,0
2402841.0,0.4186,0
2402854.0,0.3786,0
2402867.0,0.3793,0
2402881.0,0.4104,0
2402894.0,0.3348,0
2402907.0,0.3855,0
2402921.0,0.3593,0
2402934.0,0.3213,0
2402947.0,0.3194,0
2402961.0,0.4047,0
2402974.0,0.3759,0
2402987.0,0.3806,0
2403001.0,0.3913,0
2403014.0,0.4733,0
2403027.0,0.3569,0
2403041.0,0.4742,0
2403054.0,0.4833,0
2403067.0,0.4606,0
2403081.0,0.3722,0
2403094.0,0.3648,0
2403107.0,0.3397,0
2403121.0,0.4006,0
2403134.0,0.354,0
2403147.0,0.3882,0
2403161.0,0.3997,0
2403174.0,0.3423,0
2403187.0,0.4108,0
2403201.0,0.4733,0
2403214.0,0.3834,0
2403227.0,0.4174,0
2403241.0,0.3962,0
2403254.0,0.4173,0
2403267.0,0.3382,0
2403281.0,0.4006,0
2403294.0,0.4088,0
2403307.0,0.4247,0
2403321.0,0.3447,0
2403334.0,0.3591,0
2403347.0,0.3287,0
2403361.0,0.4255,0
2403374.0,0.3738,0
2403387.0,0.3709,0
2403401.0,0.3759,0
2403414.0,0.4762,0
2403427.0,0.3777,0
2403441.0,0.4352,0
2403454.0,0.4152,0
2403467.0,0.5138,0
2403481.0,0.4457,0
2403494.0,0.4427,0
2403507.0,0.4313,0
2403521.0,0.487,0
2403534.0,0.3967,0
2403547.0,0.4111,0
2403561.0,0.3644,0
2403574.0,0.4362,0
2403587.0,0.3379,0
2403601.0,0.3573,0
2403614.0,0.3194,0
2403627.0,0.375,0
2403654.0,0.3827,0
2403667.0,0.333,0
2403681.0,0.3689,0
2403694.0,0.3352,0
2403707.0,0.3799,0
2403721.0,0.3418,0
2403734.0,0.3879,0
2403747.0,0.3355,0
2403761.0,0.3948,0
2403774.0,0.3363,0
2403787.0,0.394,0
2403801.0,0.2912,0
2403814.0,0.2801,0
2403827.0,0.3258,0
2403841.0,0.3387,0
2403854.0,0.2587,0
2403867.0,0.3929,0
2403881.0,0.3332,0
2403894.0,0.3699,0
2403907.0,0.4104,0
2403921.0,0.4357,0
2403934.0,0.3319,0
2403947.0,0.4098,0
2403962.0,0.4336,0
2403976.0,0.4447,0
2403989.0,0.3831,0
2404002.0,0.4007,0
2404016.0,0.3923,0
2404029.0,0.457,0
2404042.0,0.4221,0
2404056.0,0.4292,0
2404069.0,0.4206,0
2404082.0,0.4435,0
2404096.0,0.3858,0
2404109.0,0.4628,0
2404122.0,0.5128,0
2404136.0,0.4369,0
2404149.0,0.4067,0
2404162.0,0.502,0
2404176.0,0.453,0
2404189.0,0.4664,0
2404202.0,0.3704,0
2404216.0,0.3343,0
2404229.0,0.3696,0
2404242.0,0.38,0
2404256.0,0.307,0
2404282.0,0.3879,0
2404296.0,0.3875,0
2404309.0,0.4206,0
2404322.0,0.4948,0
2404337.0,0.3599,0
2404351.0,0.4824,0
2404364.0,0.5252,0
2404377.0,0.4309,0
2404391.0,0.4417,0
2404404.0,0.4713,0
2404417.0,0.3782,0
2404431.0,0.4247,0
2404444.0,0.4118,0
2404457.0,0.4106,0
2404471.0,0.4184,0
2404484.0,0.4421,0
2404511.0,0.4111,0
2404524.0,0.4296,0
2404537.0,0.4237,0
2404551.0,0.3952,0
2404564.0,0.3522,0
2404577.0,0.4218,0
2404591.0,0.357,0
2404604.0,0.3813,0
2404617.0,0.3573,0
2404631.0,0.3912,0
2404644.0,0.4396,0
2404657.0,0.3647,0
2404671.0,0.4099,0
2404684.0,0.4865,0
2404697.0,0.3929,0
2404711.0,0.3722,0
2404724.0,0.4169,0
2404737.0,0.4072,0
2404751.0,0.3044,0
2404764.0,0.323,0
2404777.0,0.3126,0
2404791.0,0.3346,0
2404804.0,0.3553,0
2404817.0,0.3599,0
2404831.0,0.3306,0
2404844.0,0.366,0
2404857.0,0.3481,0
2404871.0,0.3926,0
2404884.0,0.4488,0
2404897.0,0.4372,0
2404911.0,0.303,0
2404924.0,0.4684,0
2404937.0,0.4505,0
2404951.0,0.4105,0
2404964.0,0.4287,0
2404977.0,0.5074,0
2404991.0,0.4577,0
2405004.0,0.4455,0
2405017.0,0.379,0
2405031.0,0.4518,0
2405044.0,0.4911,0
2405057.0,0.4733,0
2405071.0,0.3987,0
2405084.0,0.5071,0
2405097.0,0.4557,0
2405111.0,0.4296,0
2405124.0,0.3742,0
2405137.0,0.4609,0
2405151.0,0.3705,0
2405164.0,0.4044,0
2405177.0,0.3355,0
2405191.0,0.4072,0
2405217.0,0.4546,0
2405231.0,0.4336,0
2405244.0,0.4384,0
2405257.0,0.3739,0
2405271.0,0.4713,0
2405284.0,0.4291,0
2405297.0,0.4852,0
2405311.0,0.487,0
2405324.0,0.5452,0
2405337.0,0.4424,0
2405351.0,0.5165,0
2405364.0,0.4366,0
2405377.0,0.4678,0
2405391.0,0.4569,0
2405404.0,0.4637,0
2405417.0,0.402,0
2405431.0,0.4584,0
2405444.0,0.3801,0
2405457.0,0.3899,0
2405471.0,0.3176,0
2405484.0,0.4218,0
2405497.0,0.4179,0
2405511.0,0.4452,0
2405524.0,0.3814,0
2405537.0,0.4826,0
2405551.0,0.3813,0
2405564.0,0.4386,0
2405577.0,0.4237,0
2405591.0,0.419,0
2405604.0,0.4138,0
2405617.0,0.5001,0
2405631.0,0.3993,0
2405644.0,0.419,0
2405657.0,0.383,0
2405671.0,0.4014,0
2405684.0,0.3267,0
2405697.0,0.3565,0
2405711.0,0.3014,0
2405724.0,0.3759,0
2405737.0,0.3145,0
2405751.0,0.2991,0
2405764.0,0.3606,0
2405777.0,0.3657,0
2405791.0,0.2484,0
2405804.0,0.3718,0
2405817.0,0.325,0
2405831.0,0.3627,0
2405844.0,0.3601,0
2405857.0,0.4084,0
2405871.0,0.4079,0
2405884.0,0.5092,0
2405897.0,0.3983,0
2405911.0,0.4621,0
2405924.0,0.4413,0
2405937.0,0.4322,0
2405951.0,0.3823,0
2405964.0,0.4106,0
2405977.0,0.3736,0
2405991.0,0.4091,0
2406004.0,0.4133,0
2406017.0,0.4882,0
2406031.0,0.425,0
2406044.0,0.461,0
2406057.0,0.4071,0
2406071.0,0.4234,0
2406084.0,0.4112,0
2406097.0,0.4454,0
2406111.0,0.3837,0
2406124.0,0.4244,0
2406137.0,0.435,0
2406151.0,0.3972,0
2406164.0,0.4509,0
2406177.0,0.4827,0
2406191.0,0.4024,0
2406204.0,0.4962,0
2406217.0,0.4427,0
2406231.0,0.4382,0
2406244.0,0.4896,0
2406257.0,0.4641,0
2406271.0,0.364,0
2406284.0,0.4302,0
2406297.0,0.4014,0
2406311.0,0.3526,0
2406324.0,0.3298,0
2406337.0,0.347,0
2406351.0,0.3765,0
2406364.0,0.4492,0
2406377.0,0.3119,0
2406391.0,0.3888,0
2406404.0,0.4003,0
2406417.0,0.357,0
2406431.0,0.2929,0
2406444.0,0.3648,0
2406457.0,0.3702,0
2406471.0,0.2799,0
2406484.0,0.3148,0
2406497.0,0.3689,0
2406511.0,0.3352,0
2406524.0,0.3553,0
2406537.0,0.2912,0
2406551.0,0.3882,0
2406564.0,0.4169,0
2406577.0,0.3624,0
2406591.0,0.3193,0
2406604.0,0.4245,0
2406617.0,0.398,0
2406631.0,0.3906,0
2406644.0,0.4122,0
2406657.0,0.4772,0
2406671.0,0.4479,0
2406684.0,0.4367,0
2406697.0,0.366,0
2406711.0,0.418,0
2406724.0,0.3993,0
2406737.0,0.361,0
2406751.0,0.2946,0
2406764.0,0.365,0
2406777.0,0.36,0
2406791.0,0.2621,0
2406804.0,0.3252,0
2406817.0,0.3984,0
2406831.0,0.3454,0
2406844.0,0.3271,0
2406857.0,0.2833,0
2406871.0,0.3986,0
2406884.0,0.4142,0
2406897.0,0.3274,0
2406911.0,0.3735,0
2406924.0,0.4763,0
2406937.0,0.3753,0
2406951.0,0.364,0
2406964.0,0.4108,0
2406977.0,0.3909,0
2406991.0,0.3843,0
2407004.0,0.3796,0
2407017.0,0.294,0
2407031.0,0.3494,0
2407044.0,0.399,0
2407057.0,0.3684,0
2407071.0,0.3504,0
2407084.0,0.4321,0
2407097.0,0.4332,0
2407111.0,0.3601,0
2407124.0,0.4336,0
2407137.0,0.5136,0
2407151.0,0.4732,0
2407164.0,0.4052,0
2407177.0,0.527,0
2407191.0,0.4313,0
2407204.0,0.4265,0
2407217.0,0.4061,0
2407231.0,0.4218,0
2407244.0,0.4538,0
2407257.0,0.4116,0
2407271.0,0.4143,0
2407284.0,0.4546,0
2407297.0,0.3618,0
2407311.0,0.3753,0
2407324.0,0.3936,0
2407337.0,0.4748,0
2407351.0,0.3809,0
2407364.0,0.378,0
2407377.0,0.4296,0
2407391.0,0.4492,0
2407404.0,0.4306,0
2407417.0,0.4539,0
2407431.0,0.4094,0
2407444.0,0.4576,0
2407457.0,0.4177,0
2407471.0,0.4262,0
2407484.0,0.4464,0
2407497.0,0.4745,0
2407511.0,0.4223,0
2407524.0,0.4572,0
2407537.0,0.4355,0
2407551.0,0.4763,0
2407564.0,0.4746,0
2407577.0,0.4732,0
2407591.0,0.4258,0
2407604.0,0.4146,0
2407617.0,0.4157,0
2407631.0,0.4753,0
2407644.0,0.4582,0
2407657.0,0.3838,0
2407671.0,0.3464,0
2407684.0,0.4376,0
2407697.0,0.3728,0
2407711.0,0.3342,0
2407737.0,0.3983,0
2407751.0,0.3115,0
2407764.0,0.3708,0
2407777.0,0.365,0
2407791.0,0.4102,0
2407804.0,0.3637,0
2407817.0,0.4397,0
2407831.0,0.3728,0
2407844.0,0.4159,0
2407857.0,0.4094,0
2407871.0,0.3911,0
2407884.0,0.4067,0
2407897.0,0.4404,0
2407911.0,0.3512,0
2407924.0,0.3814,0
2407937.0,0.3539,0
2407951.0,0.4397,0
2407964.0,0.3295,0
2407977.0,0.4372,0
2407991.0,0.407,0
2408004.0,0.4699,0
2408017.0,0.4218,0
2408031.0,0.4101,0
2408044.0,0.3864,0
2408057.0,0.4767,0
2408071.0,0.401,0
2408084.0,0.3993,0
2408097.0,0.365,0
2408111.0,0.4213,0
2408124.0,0.3688,0
2408137.0,0.4182,0
2408151.0,0.3654,0
2408164.0,0.46,0
2408177.0,0.403,0
2408191.0,0.3763,0
2408204.0,0.3515,0
2408217.0,0.3904,0
2408231.0,0.3254,0
2408244.0,0.4279,0
2408257.0,0.333,0
2408271.0,0.3952,0
2408284.0,0.376,0
2408297.0,0.3885,0
2408311.0,0.3289,0
2408324.0,0.4268,0
2408337.0,0.4139,0
2408351.0,0.3913,0
2408364.0,0.3234,0
2408377.0,0.4145,0
2408391.0,0.4033,0
2408404.0,0.3956,0
2408417.0,0.2953,0
2408431.0,0.4072,0
2408444.0,0.4,0
2408457.0,0.4079,0
2408471.0,0.282,0
2408484.0,0.3793,0
2408497.0,0.4445,0
2408511.0,0.3546,0
2408524.0,0.3662,0
2408537.0,0.474,0
2408551.0,0.4366,0
2408564.0,0.4125,0
2408577.0,0.3667,0
2408591.0,0.3996,0
2408604.0,0.4228,0
2408617.0,0.4079,0
2408631.0,0.3349,0
2408644.0,0.5078,0
2408657.0,0.4655,0
2408671.0,0.4593,0
2408684.0,0.504,0
2408697.0,0.5529,0
2408711.0,0.507,0
2408724.0,0.5021,0
2408737.0,0.435,0
2408751.0,0.4882,0
2408764.0,0.4589,0
2408777.0,0.5221,0
2408791.0,0.4532,0
2408804.0,0.4726,0
2408817.0,0.4684,0
2408831.0,0.4157,0
2408844.0,0.4515,0
2408857.0,0.5091,0
2408871.0,0.4563,0
2408884.0,0.4752,0
2408897.0,0.4302,0
2408911.0,0.4513,0
2408924.0,0.4494,0
2408937.0,0.483,0
2408951.0,0.4482,0
2408964.0,0.4814,0
2408977.0,0.4099,0
2408991.0,0.4197,0
2409004.0,0.4444,0
2409017.0,0.442,0
2409031.0,0.3972,0
2409044.0,0.4671,0
2409057.0,0.4302,0
2409071.0,0.4352,0
2409084.0,0.456,0
2409097.0,0.4614,0
2409111.0,0.4065,0
2409124.0,0.4513,0
2409137.0,0.3647,0
2409151.0,0.4509,0
2409164.0,0.4553,0
2409177.0,0.4407,0
2409191.0,0.3909,0
2409204.0,0.4708,0
2409217.0,0.436,0
2409231.0,0.3984,0
2409244.0,0.4479,0
2409257.0,0.4563,0
2409271.0,0.4316,0
2409284.0,0.5023,0
2409297.0,0.3932,0
2409311.0,0.4295,0
2409324.0,0.4179,0
2409337.0,0.3943,0
2409351.0,0.3986,0
2409364.0,0.4611,0
2409377.0,0.3855,0
2409391.0,0.4129,0
2409404.0,0.3315,0
2409417.0,0.4003,0
2409431.0,0.4538,0
2409444.0,0.3878,0
2409457.0,0.3061,0
2409471.0,0.4355,0
2409484.0,0.4471,0
2409497.0,0.4333,0
2409511.0,0.3868,0
2409524.0,0.4389,0
2409551.0,0.3186,0
2409564.0,0.3426,0
2409577.0,0.3579,0
2409591.0,0.319,0
2409604.0,0.3522,0
2409617.0,0.3877,0
2409631.0,0.3294,0
2409644.0,0.4037,0
2409657.0,0.3762,0
2409671.0,0.3468,0
2409684.0,0.4217,0
2409697.0,0.4342,0
2409711.0,0.3762,0
2409724.0,0.3946,0
2409737.0,0.4026,0
2409751.0,0.4075,0
2409764.0,0.4423,0
2409777.0,0.3762,0
2409791.0,0.3566,0
2409804.0,0.3292,0
2409817.0,0.3189,0
2409831.0,0.342,0
2409844.0,0.3359,0
2409857.0,0.3532,0
2409871.0,0.3139,0
2409884.0,0.345,0
2409897.0,0.3014,0
2409912.0,0.2787,0
2409926.0,0.3142,0
2409939.0,0.3431,0
2409952.0,0.2877,0
2409966.0,0.3948,0
2409979.0,0.3349,0
2409992.0,0.3294,0
2410006.0,0.3525,0
2410019.0,0.4148,0
2410032.0,0.339,0
2410046.0,0.3851,0
2410059.0,0.4318,0
2410072.0,0.4088,0
2410086.0,0.402,0
2410099.0,0.4017,0
2410112.0,0.3797,0
2410126.0,0.5034,0
2410139.0,0.4332,0
2410152.0,0.3748,0
2410166.0,0.4695,0
2410179.0,0.5099,0
2410192.0,0.395,0
2410206.0,0.4258,0
2410219.0,0.4586,0
2410232.0,0.4966,0
2410246.0,0.3807,0
2410259.0,0.4916,0
2410272.0,0.4197,0
2410286.0,0.4563,0
2410299.0,0.465,0
2410312.0,0.4382,0
2410326.0,0.4525,0
2410339.0,0.4325,0
2410352.0,0.4064,0
2410366.0,0.4807,0
2410379.0,0.4004,0
2410392.0,0.4115,0
2410406.0,0.4173,0
2410419.0,0.4489,0
2410432.0,0.3928,0
2410446.0,0.4704,0
2410459.0,0.4099,0
2410486.0,0.3902,0
2410499.0,0.4769,0
2410512.0,0.4043,0
2410526.0,0.3989,0
2410539.0,0.3679,0
2410552.0,0.3716,0
2410566.0,0.3153,0
2410579.0,0.3708,0
2410592.0,0.3416,0
2410606.0,0.3579,0
2410619.0,0.2871,0
2410632.0,0.3767,0
2410646.0,0.4116,0
2410659.0,0.4017,0
2410672.0,0.2864,0
2410686.0,0.4313,0
2410699.0,0.4391,0
2410712.0,0.3525,0
2410726.0,0.3672,0
2410739.0,0.4773,0
2410752.0,0.3966,0
2410766.0,0.3923,0
2410779.0,0.3363,0
2410792.0,0.3874,0
2410806.0,0.3275,0
2410819.0,0.2896,0
2410832.0,0.2142,0
2410846.0,0.3657,0
2410859.0,0.2938,0
2410872.0,0.3233,0
2410886.0,0.3173,0
2410899.0,0.3143,0
2410912.0,0.3296,0
2410926.0,0.401,0
2410939.0,0.383,0
2410952.0,0.4498,0
2410966.0,0.4323,0
2410979.0,0.5027,0
2410992.0,0.4728,0
2411006.0,0.5221,0
2411019.0,0.4746,0
2411032.0,0.4787,0
2411046.0,0.4809,0
2411059.0,0.4879,0
2411072.0,0.3685,0
2411086.0,0.4884,0
2411099.0,0.4872,0
2411112.0,0.4184,0
2411126.0,0.4689,0
2411139.0,0.5342,0
2411152.0,0.4095,0
2411166.0,0.425,0
2411192.0,0.395,0
2411206.0,0.3424,0
2411219.0,0.3689,0
2411232.0,0.3226,0
2411246.0,0.4024,0
2411259.0,0.3148,0
2411272.0,0.319,0
2411286.0,0.3241,0
2411299.0,0.3461,0
2411312.0,0.2878,0
2411326.0,0.3616,0
2411339.0,0.366,0
2411352.0,0.3295,0
2411366.0,0.3521,0
2411379.0,0.3891,0
2411392.0,0.3382,0
2411406.0,0.4377,0
2411419.0,0.4095,0
2411432.0,0.4003,0
2411446.0,0.4515,0
2411459.0,0.4484,0
2411472.0,0.3328,0
2411486.0,0.4203,0
2411499.0,0.4617,0
2411512.0,0.3911,0
2411526.0,0.3878,0
2411539.0,0.4125,0
2411552.0,0.3691,0
2411566.0,0.3494,0
2411579.0,0.3641,0
2411592.0,0.3757,0
2411606.0,0.4207,0
2411619.0,0.3567,0
2411632.0,0.2844,0
2411646.0,0.3888,0
2411659.0,0.3722,0
2411672.0,0.3695,0
2411686.0,0.378,0
2411699.0,0.3796,0
2411712.0,0.3557,0
2411726.0,0.3169,0
2411739.0,0.3245,0
2411752.0,0.3244,0
2411766.0,0.3287,0
2411779.0,0.3599,0
2411792.0,0.3389,0
2411806.0,0.284,0
2411819.0,0.395,0
2411832.0,0.3132,0
2411846.0,0.2679,0
2411859.0,0.2922,0
2411872.0,0.3122,0
2411886.0,0.2363,0
2411899.0,0.3223,0
2411912.0,0.3821,0
2411926.0,0.4159,0
2411939.0,0.3713,0
2411952.0,0.3519,0
2411966.0,0.4387,0
2411979.0,0.4969,0
2411992.0,0.4041,0
2412006.0,0.4604,0
2412019.0,0.4624,0
2412032.0,0.3956,0
2412046.0,0.4601,0
2412059.0,0.4748,0
2412072.0,0.387,0
2412086.0,0.417,0
2412099.0,0.3963,0
2412112.0,0.3655,0
2412126.0,0.3677,0
2412139.0,0.4357,0
2412152.0,0.4048,0
2412166.0,0.4014,0
2412179.0,0.3662,0
2412192.0,0.3935,0
2412207.0,0.2945,0
2412221.0,0.38,0
2412234.0,0.3942,0
2412247.0,0.3618,0
2412261.0,0.32,0
2412274.0,0.3505,0
2412287.0,0.2875,0
2412301.0,0.3957,0
2412314.0,0.3679,0
2412327.0,0.4009,0
2412341.0,0.3905,0
2412354.0,0.3922,0
2412367.0,0.3282,0
2412381.0,0.4227,0
2412394.0,0.3745,0
2412407.0,0.3437,0
2412421.0,0.3563,0
2412434.0,0.3919,0
2412447.0,0.3121,0
2412461.0,0.3782,0
2412474.0,0.299,0
2412487.0,0.3552,0
2412501.0,0.323,0
2412514.0,0.3382,0
2412527.0,0.2784,0
2412541.0,0.3677,0
2412554.0,0.3072,0
2412567.0,0.3255,0
2412581.0,0.3209,0
2412594.0,0.3821,0
2412607.0,0.2857,0
2412621.0,0.3089,0
2412634.0,0.3241,0
2412647.0,0.3518,0
2412661.0,0.3543,0
2412674.0,0.3194,0
2412687.0,0.2959,0
2412701.0,0.4074,0
2412714.0,0.3085,0
2412727.0,0.3348,0
2412741.0,0.3979,0
2412754.0,0.385,0
2412767.0,0.3455,0
2412781.0,0.3672,0
2412794.0,0.313,0
2412807.0,0.4071,0
2412821.0,0.2858,0
2412834.0,0.4072,0
2412847.0,0.3579,0
2412861.0,0.3479,0
2412874.0,0.3304,0
2412887.0,0.4512,0
2412901.0,0.3587,0
2412914.0,0.4604,0
2412927.0,0.403,0
2412941.0,0.4194,0
2412954.0,0.3861,0
2412967.0,0.4685,0
2412981.0,0.4159,0
2412994.0,0.4611,0
2413007.0,0.4311,0
2413021.0,0.4855,0
2413034.0,0.4216,0
2413047.0,0.514,0
2413061.0,0.4411,0
2413074.0,0.4672,0
2413087.0,0.3817,0
2413101.0,0.4901,0
2413114.0,0.4058,0
2413127.0,0.4287,0
2413141.0,0.4521,0
2413154.0,0.3935,0
2413167.0,0.323,0
2413181.0,0.4177,0
2413194.0,0.3582,0
2413207.0,0.3878,0
2413221.0,0.3182,0
2413234.0,0.3426,0
2413247.0,0.3329,0
2413261.0,0.3613,0
2413274.0,0.2847,0
2413287.0,0.4009,0
2413301.0,0.3949,0
2413314.0,0.4122,0
2413327.0,0.393,0
2413341.0,0.4926,0
2413354.0,0.4111,0
2413367.0,0.4261,0
2413381.0,0.4782,0
2413394.0,0.4165,0
2413407.0,0.3695,0
2413421.0,0.4688,0
2413434.0,0.4194,0
2413447.0,0.4251,0
2413461.0,0.399,0
2413474.0,0.3695,0
2413487.0,0.3034,0
2413501.0,0.3804,0
2413514.0,0.3057,0
2413527.0,0.3336,0
2413541.0,0.3905,0
2413554.0,0.2904,0
2413567.0,0.2607,0
2413581.0,0.4092,0
2413594.0,0.3451,0
2413607.0,0.3309,0
2413621.0,0.3599,0
2413634.0,0.4095,0
2413647.0,0.3772,0
2413661.0,0.4153,0
2413674.0,0.3722,0
2413687.0,0.4461,0
2413701.0,0.4458,0
2413714.0,0.3729,0
2413727.0,0.3172,0
2413741.0,0.4176,0
2413754.0,0.3319,0
2413767.0,0.4004,0
2413781.0,0.3713,0
2413794.0,0.3651,0
2413807.0,0.3606,0
2413821.0,0.4472,0
2413834.0,0.3443,0
2413847.0,0.4655,0
2413861.0,0.4455,0
2413874.0,0.4393,0
2413887.0,0.4417,0
2413901.0,0.5047,0
2413914.0,0.3843,0
2413941.0,0.4051,0
2413954.0,0.358,0
2413967.0,0.2892,0
2413981.0,0.3353,0
2413994.0,0.2979,0
2414007.0,0.2871,0
2414021.0,0.3349,0
2414034.0,0.3182,0
2414047.0,0.3061,0
2414061.0,0.3913,0
2414074.0,0.2692,0
2414087.0,0.2496,0
2414101.0,0.3261,0
2414114.0,0.3479,0
2414127.0,0.3001,0
2414141.0,0.2704,0
2414154.0,0.2345,0
2414167.0,0.2835,0
2414181.0,0.2976,0
2414194.0,0.2603,0
2414207.0,0.2715,0
2414221.0,0.3339,0
2414234.0,0.258,0
2414247.0,0.2702,0
2414261.0,0.4248,0
2414274.0,0.3584,0
2414287.0,0.3566,0
2414301.0,0.4481,0
2414314.0,0.4169,0
2414327.0,0.4078,0
2414341.0,0.5121,0
2414354.0,0.4108,0
2414367.0,0.4162,0
2414381.0,0.4997,0
2414394.0,0.4037,0
2414407.0,0.3814,0
2414421.0,0.4499,0
2414434.0,0.463,0
2414447.0,0.444,0
2414461.0,0.4003,0
2414474.0,0.3532,0
2414487.0,0.3501,0
2414501.0,0.4162,0
2414514.0,0.357,0
2414527.0,0.3933,0
2414541.0,0.4478,0
2414554.0,0.42,0
2414567.0,0.3814,0
2414581.0,0.5034,0
2414594.0,0.4518,0
2414607.0,0.4094,0
2414621.0,0.4121,0
2414647.0,0.3374,0
2414661.0,0.4959,0
2414674.0,0.4367,0
2414687.0,0.3899,0
2414701.0,0.4038,0
2414714.0,0.4582,0
2414727.0,0.3267,0
2414741.0,0.3994,0
2414754.0,0.3589,0
2414767.0,0.4233,0
2414781.0,0.4299,0
2414794.0,0.5094,0
2414807.0,0.3912,0
2414821.0,0.4889,0
2414834.0,0.3973,0
2414847.0,0.3901,0
2414861.0,0.4287,0
2414874.0,0.4045,0
2414887.0,0.3115,0
2414901.0,0.4548,0
2414914.0,0.398,0
2414927.0,0.4173,0
2414954.0,0.4296,0
2414967.0,0.3543,0
2414981.0,0.4007,0
2414994.0,0.3,0
2415007.0,0.3648,0
2415034.0,0.324,0
2415047.0,0.2813,0
2415061.0,0.3511,0
2415074.0,0.2843,0
2415087.0,0.4014,0
2415101.0,0.3624,0
2415114.0,0.4106,0
2415127.0,0.2664,0
2415141.0,0.3757,0
2415154.0,0.3529,0
2415167.0,0.3648,0
2415181.0,0.3511,0
2415194.0,0.4031,0
2415207.0,0.3607,0
2415221.0,0.3956,0
2415234.0,0.4369,0
2415247.0,0.3096,0
2415261.0,0.3504,0
2415274.0,0.3949,0
2415287.0,0.2057,0
2415301.0,0.1918,0
2415314.0,0.4282,0
2415327.0,0.4321,0
2415341.0,0.2533,0
2415354.0,0.3949,0
2415367.0,0.4292,0
2415381.0,0.2806,0
2415394.0,0.1549,0
2415407.0,0.1928,0
2415421.0,0.2464,0
2415434.0,0.14,0
2415447.0,0.1265,0
2415461.0,0.222,0
2415474.0,0.2565,0
2415487.0,0.2165,0
2415501.0,0.2458,0
2415514.0,0.3357,0
2415527.0,0.3437,0
2415541.0,0.3163,0
2415554.0,0.3156,0
2415567.0,0.4028,0
2415581.0,0.4033,0
2415594.0,0.3633,0
2415607.0,0.3667,0
2415621.0,0.3567,0
2415634.0,0.3001,0
2415647.0,0.2157,0
2415661.0,0.1862,0
2415674.0,0.1783,0
2415687.0,0.1562,0
2415701.0,0.1855,0
2415714.0,0.2092,0
2415727.0,0.2274,0
2415741.0,0.1854,0
2415754.0,0.1933,0
2415767.0,0.1877,0
2415781.0,0.1593,0
2415794.0,0.1424,0
2415807.0,0.1138,0
2415821.0,0.1515,0
2415834.0,0.137,0
2415847.0,0.1243,0
2415861.0,0.1291,0
2415874.0,0.1389,0
2415887.0,0.1098,0
2415901.0,0.1094,0
